{
"type": "FeatureCollection",
"name": "Rivers",
"crs": { "type": "name", "properties": { "name": "urn:ogc:def:crs:OGC:1.3:CRS84" } },
"features": [
{"type":"Feature","properties":{"objectid":155,"rivname":"Ajay","rilcode":"1","origin":"Near Deoghar In The Santhal Parganas District Of Jharkhand","major_trib":null,"bacode":"2A","ba_name":"Ganga","sub_basin":"Bhagirathi and others (Ganga Lower)","shape_Leng":308394.210815},"geometry":{"type":"LineString","coordinates":[[86.296619145124339,24.482035926803061],[86.334541005000077,24.515581051381091],[86.375734587015316,24.525718078262276],[86.476055138820058,24.505935120264585],[86.571475549980107,24.461024429100799],[86.611866900500758,24.472564814847118],[86.657000565469573,24.441678882001405],[86.67261483725855,24.409035352855604],[86.692740220867918,24.413353577150822],[86.713440142051255,24.389521625788944],[86.774527342241186,24.368373632000996],[86.809933722822251,24.327827617138102],[86.811575550212339,24.271363006911255],[86.833204851034978,24.249876473996661],[86.822382257102802,24.212220468413491],[86.795256401206316,24.200894234754774],[86.816671550554148,24.185856041164399],[86.794114259846992,24.156350723870258],[86.820288331162502,24.10181347791271],[86.816005301234028,24.073545480928619],[86.849888825907271,24.038995707383862],[86.841798658687082,24.026146617914698],[86.859501848492329,23.998925584494863],[86.841752384695894,23.98179247472946],[86.873249917657859,23.98167721270082],[86.886572590811966,23.915561903795346],[86.934977995086655,23.852620476336952],[86.961292615235962,23.848360914127564],[86.971222003823115,23.868835727718601],[87.021642045357538,23.84878642422229],[87.156906011184915,23.748535653767782],[87.246388494886688,23.746181430183906],[87.352655234689067,23.720993833688684],[87.411005754208418,23.690165918529651],[87.412696169633065,23.656693324793252],[87.45223425702936,23.612475616062763],[87.501801565458081,23.602625154175584],[87.526241978131068,23.61794098462029],[87.583192554487539,23.595748300779924],[87.710270347029862,23.619292256610979],[87.734101301805737,23.589000717674367],[87.781677824416406,23.584202448941785],[87.804022009707083,23.560400225567854],[87.835136168437472,23.569513691643468],[87.864250092428904,23.549353782338272],[87.889846618742979,23.559256021858847],[87.90086052248256,23.541751259533992],[87.958639634496407,23.630395037384261],[88.036589069179811,23.632947304330227],[88.08166738302441,23.651116289419694],[88.085663968668115,23.670525673424347],[88.093817463458677,23.651299418426646],[88.134065885572937,23.656981223740484]]}},
{"type":"Feature","properties":{"objectid":223,"rivname":"Alaknanda","rilcode":"1","origin":"Garhwal Himalayas","major_trib":null,"bacode":"2A","ba_name":"Ganga","sub_basin":"Above Ramganga Confluence","shape_Leng":206397.55074899999},"geometry":{"type":"LineString","coordinates":[[79.232826581368201,30.81700015063112],[79.495218734139812,30.770148487737124],[79.509350801543846,30.677651953403291],[79.565633574904581,30.616318123682603],[79.575276367190497,30.562622669069828],[79.547630798886416,30.567338715043331],[79.471305464959514,30.486921817981962],[79.434415974003656,30.468123090761463],[79.411668024827037,30.414978308893783],[79.328879352071965,30.405066693882397],[79.308157477251655,30.37488671043241],[79.318407818502152,30.334132034004529],[79.301184763306352,30.324790281902782],[79.296702710994552,30.294779444196124],[79.254597899856847,30.29041638044605],[79.215919234380465,30.262950683243332],[79.170882423406781,30.269212931487122],[79.156711997649978,30.296408482939352],[79.136333320217261,30.285063301445824],[79.118968551679501,30.304935893036355],[79.080363384999359,30.295615556284556],[79.041681191915089,30.311424710457139],[78.993749112536008,30.302787217552467],[78.902071763147433,30.242453397400791],[78.880879443479259,30.260591557070146],[78.844833012300256,30.236075565066859],[78.826563608214457,30.243313415137713],[78.806597224003667,30.219745427436415],[78.78626681272641,30.228623683849801],[78.747640895550674,30.213289617962914],[78.715884102710334,30.236754140821567],[78.683586900725771,30.238352785739767],[78.680104702379964,30.21053631429708],[78.643571669898947,30.20494839111835],[78.616833996886129,30.150516446786273],[78.597426983468083,30.145455810237774]]}},
{"type":"Feature","properties":{"objectid":351,"rivname":"Amba","rilcode":"1","origin":null,"major_trib":null,"bacode":"14","ba_name":"West flowing rivers from Tapi to Tadri","sub_basin":"Bhatsol and others","shape_Leng":103041.27529200001},"geometry":{"type":"LineString","coordinates":[[73.364717090706691,18.770073030512659],[73.339828236496331,18.723605864194273],[73.324819792860097,18.714586306856493],[73.308118413855595,18.726267589523811],[73.304591775407374,18.669535632507618],[73.279904800425172,18.649367492589278],[73.266211679577623,18.598167973438105],[73.204207099990256,18.527214384880434],[73.173070232663932,18.515651283383058],[73.146001451703967,18.522959240138086],[73.101293658411748,18.601604017633765],[73.039574253352583,18.657490356254733],[73.025553589596655,18.709457949919564],[72.986386502414788,18.746654871166001],[72.99791098198952,18.782688007989275],[72.971108631680423,18.796030701917253],[72.953116220899744,18.831472287108465],[72.90711710270736,18.854963502367184],[72.836493895268745,18.845999037049776]]}},
{"type":"Feature","properties":{"objectid":575,"rivname":"Andi Odai","rilcode":"1","origin":null,"major_trib":null,"bacode":"05","ba_name":"Cauvery","sub_basin":"Cauvery Lower","shape_Leng":16491.503072399999},"geometry":{"type":"LineString","coordinates":[[78.991366927510953,10.985672070089528],[79.079221416308968,10.925633812456796]]}},
{"type":"Feature","properties":{"objectid":578,"rivname":"Andrangi Drain","rilcode":"1","origin":null,"major_trib":null,"bacode":"03","ba_name":"Godavari","sub_basin":"Godavari Lower","shape_Leng":13356.8287872},"geometry":{"type":"LineString","coordinates":[[82.060552119750739,16.778942352136848],[82.064576099909431,16.789296147290468],[82.175601634101682,16.787986124873953]]}},
{"type":"Feature","properties":{"objectid":620,"rivname":"Anjari N","rilcode":"1","origin":null,"major_trib":null,"bacode":"03","ba_name":"Godavari","sub_basin":"Indravati","shape_Leng":35109.614923499998},"geometry":{"type":"LineString","coordinates":[[80.599742992685051,20.102880051059376],[80.573751845496048,20.084073704677621],[80.577421570483523,20.053695610230559],[80.656484163614493,20.01812216236301],[80.691471198917682,19.934569507580271],[80.705068380069164,19.931153340582835]]}},
{"type":"Feature","properties":{"objectid":767,"rivname":"Arjuna","rilcode":"1","origin":null,"major_trib":null,"bacode":"17","ba_name":"East flowing rivers between Pennar and Kanyakumari","sub_basin":"Vaippar and others","shape_Leng":75795.509745000003},"geometry":{"type":"LineString","coordinates":[[77.64640331169106,9.73326111174412],[77.626919913311411,9.71694423330564],[77.645004003671332,9.644029639860067],[77.762499906799917,9.611532732012682],[77.792942480058286,9.522679848040294],[77.880243383324867,9.492488572392757],[77.940641388266869,9.414718315165675],[77.97163851808314,9.402889952799999],[77.974215553028401,9.348341540719494],[77.98959394885307,9.327574472283105]]}},
{"type":"Feature","properties":{"objectid":1389,"rivname":"Baitarani","rilcode":"1","origin":null,"major_trib":"Ardei, Kongira, Kairobandan","bacode":"07","ba_name":"Brahmani and Baitarni","sub_basin":"Baitarni","shape_Leng":414307.921821},"geometry":{"type":"LineString","coordinates":[[85.545226034862637,21.469949016864021],[85.470707154404323,21.520117537256329],[85.472778866753899,21.553164028877053],[85.450609795561036,21.586470287699683],[85.370832624672943,21.633484947758145],[85.369990922269423,21.695329528415879],[85.393434448966033,21.731080739440664],[85.385790072952403,21.750150333147616],[85.414998203694751,21.774459574112409],[85.412678424612608,21.804278714781457],[85.444212013095978,21.834242598366597],[85.451065632059297,21.88574314195516],[85.482679045214383,21.895510290290989],[85.440819653710989,21.950913525325202],[85.463464563588118,21.987174858848476],[85.458120208002697,22.004640756347587],[85.537512460234638,22.055981236728481],[85.653497038342749,22.094858199567408],[85.678666903430056,22.062574427728986],[85.661983304414832,22.034339114023297],[85.669106984394588,22.015122191721343],[85.699855662365977,22.00832058651352],[85.70559760083448,21.984868198194757],[85.736902968225635,21.993581132665501],[85.794054062291238,21.951296234736304],[85.787425734039275,21.902687328182978],[85.804393254126197,21.89021666279514],[85.808747415117594,21.814552362839898],[85.824549520627983,21.803186231515113],[85.822812225072084,21.713679561562778],[85.90665203063331,21.638573790595647],[85.908261020589777,21.618598118111393],[86.01888375175642,21.555260392118061],[86.010522387359856,21.505127176507088],[86.032498189446727,21.49274517796378],[85.991992028135087,21.47356216733608],[85.994134888249704,21.457538556424712],[86.01784538759901,21.447607062929816],[86.017743414395071,21.412222154915149],[86.090029395423485,21.271536472766588],[86.125386886120012,21.257555017729988],[86.11433736910368,21.217134769688325],[86.198581420502236,21.16300794465295],[86.176336659847919,21.145482124333622],[86.194585206459834,21.127401567250516],[86.203425489443987,21.058105565544462],[86.285076646042086,21.020722599360308],[86.280209267633083,20.90108524176831],[86.335370441505205,20.878158057319478],[86.32759900471757,20.86149908402421],[86.353229557014458,20.84949624712711],[86.388611607291921,20.865793194108782],[86.44904540609194,20.843847839609268],[86.497029270792368,20.868522530253347],[86.577237577502359,20.861745862748492],[86.623552532071301,20.810466001904164],[86.61549154619243,20.794177285578758],[86.676393851823221,20.790120927198402],[86.708445673332065,20.775087558842888],[86.710099122221294,20.759396032175442],[86.753193706127817,20.770207094304357],[86.763076893186536,20.733154229331362],[86.822190386824701,20.753543887547142]]}},
{"type":"Feature","properties":{"objectid":1701,"rivname":"Banas","rilcode":"1","origin":null,"major_trib":"Morel, Mashi, Dai, Khari, Kothari, Berach,","bacode":"2A","ba_name":"Ganga","sub_basin":null,"shape_Leng":550042.701352},"geometry":{"type":"LineString","coordinates":[[73.530927861036602,25.123142439404869],[73.545090534006476,25.112974020680788],[73.486193991119137,25.000853929213818],[73.494937715138491,24.974663469843797],[73.477611305176879,24.930411011989996],[73.478833884085461,24.88023502917348],[73.521005082930316,24.859022964805309],[73.555234166398023,24.893865078708345],[73.579687033623642,24.889345222851322],[73.607814119335899,24.925140908780264],[73.633023739424218,24.908739095220426],[73.652420488989648,24.940162969525907],[73.677915460638218,24.916824854668985],[73.755607394090674,24.924301450469731],[73.767332241989564,24.93818409799875],[73.774575974545783,24.924327197947083],[73.808036866762635,24.92291821822861],[73.795271712751827,24.950978951434166],[73.856696173716074,24.954643826787805],[73.867581673876472,24.971595831352584],[73.887077886234479,24.969477977669634],[73.908262590671441,25.005045246373225],[74.031102265415214,25.058325568277912],[74.092003803645653,25.07056232191001],[74.140426553810386,25.044254103527422],[74.31259534428608,25.035969506911073],[74.424188881737422,25.104799000350642],[74.497015271684845,25.202029748293796],[74.630040827167107,25.206562524373936],[74.648858593723716,25.257219811657372],[74.720335778594844,25.235069037465845],[74.759478977440182,25.255630595584716],[74.782385305962734,25.247981146637716],[74.794381348390331,25.264480489321357],[74.88420235054727,25.260528891374062],[74.907464402138743,25.243511179314513],[74.937023919000978,25.284704328079719],[74.974074460488623,25.256213092013432],[75.033167383483828,25.24267788981988],[75.07724156108732,25.299349108891299],[75.06292131896609,25.347383315254568],[75.081769845229928,25.372414377190918],[75.080070093499018,25.41215666273575],[75.048895526014832,25.447210249928688],[75.076144857714809,25.45311516425425],[75.227701837396907,25.597750737917647],[75.231446578513228,25.658705360110627],[75.272486929019777,25.671370998939068],[75.278298391366377,25.725091679356598],[75.329787088816119,25.786054801206827],[75.334367071947341,25.816181856101441],[75.435667894757771,25.923107055810657],[75.464513004962299,25.920653750749853],[75.470485613580593,25.894706339456398],[75.492948230304023,25.88579853127381],[75.547672332194622,25.889470964677997],[75.54575754501397,25.979680873464275],[75.635082478974923,25.978508480088422],[75.687212703034632,26.026285791230951],[75.68755158214708,26.059142386126158],[75.654945138327264,26.119838938353055],[75.668583693935034,26.151492964747341],[75.789455776782575,26.214693895287226],[75.83025509710545,26.21492852451323],[75.844957303414049,26.196991158322749],[75.943369741974323,26.169660640540744],[75.981897275270612,26.123733207325454],[76.018438591407303,26.109708627076682],[76.071250762817144,26.137628392869129],[76.10769180807209,26.138202473189345],[76.139346099513205,26.172452308448985],[76.173756184613623,26.168048368514977],[76.339269740703187,26.210732292493571],[76.391883865941992,26.183509722436092],[76.404745116345495,26.200476931792625],[76.458424829009857,26.211537462456022],[76.585299658592859,26.207722437249238],[76.621901729856702,26.185447577905926],[76.613178010466157,26.138061487975058],[76.666351226619881,26.124751683445716],[76.688287716481028,26.066945430194224],[76.669921483958774,26.0518693547961],[76.663227602182744,25.981407922953782],[76.73951453746561,25.909659684771079]]}},
{"type":"Feature","properties":{"objectid":2046,"rivname":"Barakar","rilcode":"1","origin":null,"major_trib":null,"bacode":"2A","ba_name":"Ganga","sub_basin":null,"shape_Leng":291346.39737899997},"geometry":{"type":"LineString","coordinates":[[85.304927647252541,24.098537270576323],[85.310600281177045,24.134132385023864],[85.361465454566996,24.159145355012402],[85.329360962245858,24.173967361353167],[85.296104430650047,24.222654342590019],[85.317756652661899,24.253799438656998],[85.321029663123824,24.308284759782708],[85.357330322353889,24.292583465964192],[85.390920156626308,24.344121462210836],[85.424514047808742,24.354415474261383],[85.436256439240822,24.335340975453352],[85.517002839635055,24.321018349123687],[85.576057433720194,24.352466583555024],[85.591712951773232,24.332408905225439],[85.64097595187593,24.331363677588644],[85.641868591703684,24.311286925906394],[85.659812927603454,24.310483932232312],[85.663009643617471,24.332290649425921],[85.699684143159871,24.288988113564521],[85.727233886726296,24.300123215010156],[85.753013610409639,24.283098220888881],[85.764358520019215,24.304870605688581],[85.818365105070285,24.292481839505673],[85.815223693980556,24.263393402249683],[85.833099365118926,24.279684066722233],[85.849533080751016,24.272724151219983],[85.835647582989253,24.254901886286405],[85.854057312514541,24.250371933077599],[85.858497620038165,24.211788177244838],[85.876914978062942,24.207353591727493],[85.882316589001164,24.22278785674288],[85.915298461460566,24.222181319977945],[85.922393799191241,24.236095428825102],[85.955123901564406,24.225097656442635],[85.969924926917415,24.17003631595065],[85.999984740987259,24.170526504196221],[86.001970421198209,24.193928272894055],[86.046942234262076,24.168444245042654],[86.083740598531563,24.186861273576408],[86.100444414892067,24.169657770076885],[86.119218362435163,24.176225082475508],[86.174131563138403,24.141884701297144],[86.185981279498151,24.116947950025192],[86.257436493510909,24.112379384800271],[86.276995662370027,24.072071315298771],[86.363108356383066,24.048371884513415],[86.379455253215156,24.05998365363391],[86.520946937963686,23.988485079077233],[86.583194366988877,23.983112088346797],[86.651563261316156,23.928319240656542],[86.71486333512992,23.903096024852385],[86.735333447879938,23.863780878469065],[86.77935933593011,23.857665311360588],[86.809813620667583,23.828254203895277],[86.825271264464391,23.761303367091372],[86.799277227030657,23.720791500766325],[86.802733046185921,23.69093344541697]]}},
{"type":"Feature","properties":{"objectid":2500,"rivname":"Beas","rilcode":"1","origin":null,"major_trib":null,"bacode":"01","ba_name":"Indus (Up to border)","sub_basin":null,"shape_Leng":493081.93216899998},"geometry":{"type":"MultiLineString","coordinates":[[[74.950164871681793,31.147332683278112],[74.984401675989119,31.187583549083566],[75.027597550075797,31.194148599327672],[75.050545048953751,31.214453968005365],[75.08722704832789,31.256067289207955],[75.084348984302707,31.277801759095031],[75.109396265040743,31.277165360797301],[75.117721865436536,31.323469236859928],[75.162589970836493,31.347943903967085],[75.171176663014108,31.387038485602897],[75.201360676011234,31.420468976279565],[75.195976057935397,31.435213758448644],[75.319986502422324,31.519113640159389],[75.416709778102728,31.627554473567717],[75.466019262503337,31.637104597858631],[75.480128112424453,31.67623587837593],[75.527823890608531,31.697732594469279],[75.533654545424199,31.745535878750363],[75.559501908621471,31.7614815077693],[75.575024582861033,31.797428722239037],[75.55474744141938,31.809944195473278],[75.570256682771557,31.836381454310821],[75.566512311873353,31.896097904820213],[75.533745272561916,31.935862056485629],[75.552544722348486,31.969023671980871],[75.556011394225663,32.048556314115544],[75.627081509654118,32.099970024974134]],[[75.627081509654118,32.099970024974134],[75.699185023906836,32.086239254960603],[75.696071307727252,32.072376488604789],[75.734057056779207,32.056708278663301],[75.742549851918511,32.036048279106062]],[[77.238862946547854,32.37295160552857],[77.245112370319532,32.359185353971277],[77.196386684240622,32.334283674441039],[77.181667457254534,32.307780455604309],[77.190756088372098,32.190014259515614],[77.129380217464615,32.077474097506681],[77.134367818759983,31.988016434269401],[77.110814072725077,31.948524833250779],[77.172832622456653,31.848084632062381],[77.173376775617854,31.822842389207615],[77.187852194353113,31.819164512873236],[77.214540694866869,31.724313834729724],[77.059700514153548,31.665341935461818],[77.016875405271875,31.723161410943902],[76.944821725235897,31.69985560123289],[76.92960374092614,31.715271825403082],[76.940982780802841,31.754196750534494],[76.925321458214526,31.779296501496024],[76.860334124254109,31.826374734330503],[76.808717293485074,31.817407374171026],[76.787157015307685,31.831712604030066],[76.772916566721037,31.817920390721856],[76.753142081618634,31.838115774874751],[76.75835699740334,31.852881341204299],[76.717875812006156,31.882398366300912],[76.677549954214868,31.887793952303173],[76.679705542509851,31.870797774817412],[76.656796757522471,31.867090240518511],[76.602664678761485,31.893211045065058],[76.552861227015697,31.885320887504371],[76.519967592341416,31.841957673794269],[76.467875636847552,31.828528258151678],[76.474475418267986,31.811089241160303],[76.456661049308678,31.817467142700409],[76.462523585541092,31.804081540981777],[76.440312383367711,31.811632073956634],[76.434917333834264,31.794462197632814],[76.412492853934879,31.783409387660104],[76.39453048825996,31.794902757622584],[76.370349176120882,31.773058035614071],[76.354262534919116,31.790576227823134],[76.317120026896504,31.777153422051924],[76.286257930069084,31.818172739537012],[76.239444964163155,31.846625454254514],[76.238447381038185,31.866453961721401],[76.196391643030751,31.880753474756457],[76.170687020998116,31.927779311979464],[76.097122808179179,31.952487437682564],[76.079919362912818,31.981001975145805],[75.988803991757308,31.979505728589796],[75.890940176602044,31.956528346480056],[75.825252582058681,31.99360981124153],[75.797266595283659,32.065845124978125],[75.753292535954174,32.06779588616488],[75.726677710157304,32.103891425490673],[75.689114066238133,32.113405743693676],[75.627081509654118,32.099970024974134]]]}},
{"type":"Feature","properties":{"objectid":2787,"rivname":"Bhagirathi","rilcode":"1","origin":"Gangotri Glaciers In Himalayas","major_trib":null,"bacode":"2A","ba_name":"Ganga","sub_basin":"Above Ramganga Confluence","shape_Leng":229102.166413},"geometry":{"type":"LineString","coordinates":[[79.252035988508425,30.752440475882668],[79.177498012377413,30.770894470660537],[79.129414645844705,30.808365839422208],[79.091239328668678,30.912858424616488],[79.027268392110486,30.976585148090745],[78.898625205942864,31.000419493266115],[78.821833162400637,31.047409290960761],[78.71711759866588,31.033352727647681],[78.677874035160713,30.896259116250974],[78.625658914854114,30.838705715698545],[78.619292147488039,30.784727516173323],[78.591761869412537,30.763697984357623],[78.512397063350406,30.734123970642578],[78.459618320332595,30.75848727849861],[78.439609078949005,30.726393133647793],[78.35365842820093,30.737929389711191],[78.356935610775722,30.690395571825377],[78.314713451396628,30.608349499809453],[78.328138072836481,30.567249152701759],[78.481861603098125,30.393458499660721],[78.490246437478689,30.266593635459973],[78.555545549845959,30.232350422417547],[78.561556044014026,30.201823467332353],[78.600114362554194,30.167690990303218],[78.597426983468083,30.145455810237774]]}},
{"type":"Feature","properties":{"objectid":3000,"rivname":"Bharathapuzha/Ponnani","rilcode":"1","origin":null,"major_trib":null,"bacode":"15","ba_name":"West flowing rivers from Tadri to Kanyakumari","sub_basin":"Varrar and others","shape_Leng":99882.560614100003},"geometry":{"type":"LineString","coordinates":[[76.556604599928164,10.794792416557183],[76.474653050928708,10.748438807826334],[76.396521770128089,10.745574698114304],[76.37756136152943,10.768631307840206],[76.354069244252102,10.742986287368964],[76.287115628397217,10.757326609276596],[76.251344204939059,10.746316907193165],[76.242353706799236,10.773826094283049],[76.107890989019666,10.809828945017527],[76.089408533827253,10.840027366134816],[76.047463628874311,10.850472337734361],[76.029338000719918,10.832445841461823],[76.017614657029483,10.86060767098277],[75.996589019493001,10.866102454917547],[75.96051082135952,10.847631082771786],[75.947704769102543,10.797908968361147],[75.912003890851139,10.786786920428533]]}},
{"type":"Feature","properties":{"objectid":3796,"rivname":"Brahmaputra","rilcode":"1","origin":null,"major_trib":"Dihang/Siang, Lohit/ Tellu R, Subansiri, Kopili, Dhansiri","bacode":"2B","ba_name":"Brahamaputra","sub_basin":null,"shape_Leng":2043762.154},"geometry":{"type":"MultiLineString","coordinates":[[[89.960726764994533,25.930859917773933],[89.890428332133069,25.804118691035374],[89.867984417177681,25.792106035176108],[89.84631240391785,25.714658761413727]],[[89.960726764994533,25.930859917773933],[89.96552204501981,25.992059799674362],[90.05325378817659,26.041059827856373]],[[90.081946306029096,26.033864889646146],[90.073041014050901,26.003861256060734],[90.00361358773084,25.935385360398385],[89.99141524036078,25.928764099314591],[89.960726764994533,25.930859917773933]],[[90.081946306029096,26.033864889646146],[90.05325378817659,26.041059827856373]],[[90.120345336505707,26.049063474511847],[90.081946306029096,26.033864889646146]],[[90.197072147445596,26.079760676342492],[90.177527449132995,26.054112903008548],[90.154220188183814,26.049326437348249],[90.139052209749423,26.049492060162539],[90.131424690629075,26.049028625811239],[90.120345336505707,26.049063474511847]],[[90.197072147445596,26.079760676342492],[90.154128961963991,26.085436627635708]],[[90.154128961963991,26.085436627635708],[90.129706756208151,26.079333670839073],[90.120345336505707,26.049063474511847]],[[90.162151605091196,26.094438394973135],[90.154128961963991,26.085436627635708]],[[90.162151605091196,26.094438394973135],[90.113516509054335,26.10016799330112],[90.05325378817659,26.041059827856373]],[[90.220726644879846,26.094672188259985],[90.197072147445596,26.079760676342492]],[[90.220726644879846,26.094672188259985],[90.22988979037612,26.119162181702894]],[[90.27859537900288,26.107952005808837],[90.249129691775281,26.08726623487788],[90.220726644879846,26.094672188259985]],[[90.27859537900288,26.107952005808837],[90.255071847544698,26.130562503797698],[90.22988979037612,26.119162181702894]],[[90.316907467584841,26.110437285245144],[90.30173328685099,26.106697864234789],[90.27859537900288,26.107952005808837]],[[90.22988979037612,26.119162181702894],[90.19083664740289,26.118208612136382],[90.162151605091196,26.094438394973135]],[[90.827815222138327,26.111637499024411],[90.793334784278414,26.135619993342743],[90.756101407530409,26.136019505545292],[90.733569478732932,26.117323767925615],[90.685898444710816,26.131776957982183],[90.670137636703473,26.173350503102309]],[[90.414823509924148,26.176142414725604],[90.386946447581309,26.119690482684184],[90.316907467584841,26.110437285245144]],[[90.670137636703473,26.173350503102309],[90.640178380610621,26.200940292070918]],[[90.91686197462478,26.159152857809932],[90.827815222138327,26.111637499024411]],[[90.91686197462478,26.159152857809932],[90.898722711407743,26.179628281875935],[90.846344683953902,26.176031164796044]],[[90.91686197462478,26.159152857809932],[90.936002811984082,26.181561208695836],[90.997943415409097,26.187437172638187],[91.004367574037886,26.211867464224532]],[[90.411760483875696,26.198123496792288],[90.414823509924148,26.176142414725604]],[[90.411760483875696,26.198123496792288],[90.387655239742145,26.203195076532275],[90.343767594509245,26.181611643796057],[90.316907467584841,26.110437285245144]],[[90.846344683953902,26.176031164796044],[90.771272009448609,26.174516889780136],[90.744614305076567,26.198988571539061],[90.670137636703473,26.173350503102309]],[[91.384538877172233,26.14682695675895],[91.317311292127286,26.099677886900157],[91.294033468301876,26.100031754809454],[91.267539880887597,26.130846906680258],[91.246168421752316,26.123539192434173],[91.195396775960162,26.166497413546558],[91.149082471216971,26.170066221760862],[91.142547814911595,26.190389504275888]],[[91.384538877172233,26.14682695675895],[91.345580215475508,26.163390364106942],[91.309852299662538,26.158304521281778],[91.274672637125661,26.184828749620749]],[[90.640178380610621,26.200940292070918],[90.551775535298432,26.207360486204241]],[[90.640178380610621,26.200940292070918],[90.651275335839969,26.198463975927847],[90.685954147258414,26.212024675504203],[90.714286751529443,26.236401669829469],[90.751783385102939,26.242090325247833],[90.869674057401895,26.199919305670296]],[[90.551775535298432,26.207360486204241],[90.414823509924148,26.176142414725604]],[[90.551775535298432,26.207360486204241],[90.513158024295009,26.242197149948911],[90.456865277184406,26.241867847457574],[90.411760483875696,26.198123496792288]],[[91.235853803226505,26.163933245427767],[91.210254282681476,26.170167616257121]],[[91.235853803226505,26.163933245427767],[91.212039658173239,26.183373709937467]],[[91.210254282681476,26.170167616257121],[91.142547814911595,26.190389504275888]],[[90.869674057401895,26.199919305670296],[90.846344683953902,26.176031164796044]],[[91.572392981324455,26.156992822557296],[91.508535872417113,26.120973013636114],[91.384538877172233,26.14682695675895]],[[91.572392981324455,26.156992822557296],[91.526857259138765,26.162995743659437]],[[91.212039658173239,26.183373709937467],[91.210254282681476,26.170167616257121]],[[91.212039658173239,26.183373709937467],[91.205856911179183,26.20715823079486]],[[91.142547814911595,26.190389504275888],[91.13055061774071,26.197132098440765]],[[91.257887696796132,26.182648454319526],[91.2491239789356,26.162701267471061],[91.235853803226505,26.163933245427767]],[[91.257887696796132,26.182648454319526],[91.205856911179183,26.20715823079486]],[[91.526857259138765,26.162995743659437],[91.49318514912666,26.154002570985501],[91.450938155432553,26.171779771941871]],[[91.526857259138765,26.162995743659437],[91.471225077555616,26.171988914926438]],[[91.101024186558234,26.195881192218831],[91.09861608786926,26.180239819563894],[91.055805215449567,26.178833415440455],[90.950265482958571,26.096695529955483],[90.904559323056262,26.086176409861626],[90.827815222138327,26.111637499024411]],[[91.450938155432553,26.171779771941871],[91.44466384912333,26.213608479393692],[91.396142548180862,26.20461530658994]],[[91.274672637125661,26.184828749620749],[91.257887696796132,26.182648454319526]],[[91.274672637125661,26.184828749620749],[91.235161271916553,26.224805265690044]],[[91.471225077555616,26.171988914926438],[91.459248507256788,26.173646309841239],[91.45323042916452,26.170868734826328],[91.450938155432553,26.171779771941871]],[[91.471225077555616,26.171988914926438],[91.453491452525725,26.244878057712157],[91.369498535251978,26.259317189390138]],[[91.13055061774071,26.197132098440765],[91.101024186558234,26.195881192218831]],[[91.13055061774071,26.197132098440765],[91.078872890820776,26.20970902665583],[91.053878230373641,26.233463463734466]],[[91.012732334271789,26.210510191805636],[91.004367574037886,26.211867464224532]],[[91.012732334271789,26.210510191805636],[91.041167464457359,26.210088247162425]],[[91.004367574037886,26.211867464224532],[90.97249228357505,26.200259697201972],[90.91442675513558,26.230535889382399],[90.869674057401895,26.199919305670296]],[[91.041167464457359,26.210088247162425],[91.101024186558234,26.195881192218831]],[[91.041167464457359,26.210088247162425],[91.026589585595858,26.223975923642495]],[[91.205856911179183,26.20715823079486],[91.202406823676256,26.213012629846659]],[[91.026589585595858,26.223975923642495],[91.012732334271789,26.210510191805636]],[[91.202406823676256,26.213012629846659],[91.179220930566629,26.230938084786711]],[[91.396142548180862,26.20461530658994],[91.268443956458214,26.253658536317865]],[[91.396142548180862,26.20461530658994],[91.369498535251978,26.259317189390138]],[[91.053878230373641,26.233463463734466],[91.026589585595858,26.223975923642495]],[[91.235161271916553,26.224805265690044],[91.202406823676256,26.213012629846659]],[[91.179220930566629,26.230938084786711],[91.141797615632584,26.237087473412959]],[[91.179220930566629,26.230938084786711],[91.161249454192969,26.244873002619798]],[[91.069462646905237,26.241427550709123],[91.053878230373641,26.233463463734466]],[[91.141797615632584,26.237087473412959],[91.113942845523624,26.229332437039258],[91.082806229337194,26.240796719757999],[91.076161775454793,26.242227368781528],[91.069462646905237,26.241427550709123]],[[91.744996626816203,26.194792601599488],[91.708179737700647,26.177454447773908],[91.609418948564013,26.178532472300976],[91.572392981324455,26.156992822557296]],[[91.251198798989691,26.232763089937652],[91.235161271916553,26.224805265690044]],[[91.251198798989691,26.232763089937652],[91.191593595418311,26.253922309360551]],[[91.147330820374847,26.242418849220478],[91.141797615632584,26.237087473412959]],[[91.147330820374847,26.242418849220478],[91.106828438809785,26.256798172410715],[91.069462646905237,26.241427550709123]],[[91.161249454192969,26.244873002619798],[91.154281021774537,26.242687251127418],[91.150753522855368,26.242232788035725],[91.147330820374847,26.242418849220478]],[[91.168404542268362,26.247056048086424],[91.161249454192969,26.244873002619798]],[[91.776189992900044,26.205540513865127],[91.744996626816203,26.194792601599488]],[[91.191593595418311,26.253922309360551],[91.172749590725886,26.246763693371836],[91.168404542268362,26.247056048086424]],[[91.191593595418311,26.253922309360551],[91.168404542268362,26.247056048086424]],[[91.268443956458214,26.253658536317865],[91.251198798989691,26.232763089937652]],[[91.80579766716626,26.225731346648001],[91.776189992900044,26.205540513865127]],[[91.80579766716626,26.225731346648001],[91.768220899354034,26.229276999363947],[91.744996626816203,26.194792601599488]],[[91.369498535251978,26.259317189390138],[91.314592465934084,26.251063269620722],[91.291403989018164,26.2640957384173],[91.27255854421054,26.253361117763518],[91.268443956458214,26.253658536317865]],[[91.870507414193696,26.225098081365378],[91.84875080633644,26.214123431164001],[91.8346002752576,26.218418193677532],[91.820892375976115,26.209800244836117],[91.792947121579431,26.208945847887836],[91.77990403045807,26.204484194252739],[91.776189992900044,26.205540513865127]],[[91.891888801210797,26.237360652873427],[91.870507414193696,26.225098081365378]],[[91.891888801210797,26.237360652873427],[91.883586052423524,26.218157558118605],[91.870507414193696,26.225098081365378]],[[91.840600383680794,26.244480140576229],[91.80579766716626,26.225731346648001]],[[91.841026115977655,26.249017911967876],[91.840600383680794,26.244480140576229]],[[91.898585836767225,26.249400211843259],[91.891888801210797,26.237360652873427]],[[91.898585836767225,26.249400211843259],[91.88947434179606,26.250326326172505]],[[91.88947434179606,26.250326326172505],[91.840600383680794,26.244480140576229]],[[91.861518064047331,26.268941633050645],[91.841026115977655,26.249017911967876]],[[91.860459146809163,26.27009670018548],[91.841026115977655,26.249017911967876]],[[91.860459146809163,26.27009670018548],[91.861518064047331,26.268941633050645]],[[91.962414641473288,26.272925907687966],[91.953326803053756,26.252027844154487],[91.898585836767225,26.249400211843259]],[[91.962414641473288,26.272925907687966],[91.943397326389928,26.281476212182639]],[[91.943397326389928,26.281476212182639],[91.88947434179606,26.250326326172505]],[[91.952633983433628,26.292032016809298],[91.943397326389928,26.281476212182639]],[[91.952633983433628,26.292032016809298],[91.926301286529281,26.303939816554909]],[[91.964513916122144,26.296467081912546],[91.952633983433628,26.292032016809298]],[[91.926301286529281,26.303939816554909],[91.861518064047331,26.268941633050645]],[[91.926301286529281,26.303939816554909],[91.871796436574911,26.300894609786965],[91.860459146809163,26.27009670018548]],[[92.051312663956836,26.301994961285292],[92.040043168630632,26.288314403966975],[91.962414641473288,26.272925907687966]],[[92.051312663956836,26.301994961285292],[92.002617742574216,26.308769951514588]],[[92.002617742574216,26.308769951514588],[91.979987084696845,26.296511090592048],[91.97688649213643,26.295925797351963],[91.964513916122144,26.296467081912546]],[[92.053471458739509,26.308478556142084],[92.051312663956836,26.301994961285292]],[[92.131560266044161,26.348066499901456],[92.065920163285369,26.335452384036028],[92.053471458739509,26.308478556142084]],[[92.131560266044161,26.348066499901456],[92.130423289518689,26.302102685075869],[92.068351400258749,26.315725204226315],[92.053471458739509,26.308478556142084]],[[92.133602179517794,26.351887999716336],[92.131560266044161,26.348066499901456]],[[91.99574984410269,26.370574639153329],[91.987966876609804,26.317337078114758],[91.964513916122144,26.296467081912546]],[[91.99574984410269,26.370574639153329],[91.966619868120873,26.374687109753367],[91.928555957446079,26.353241405702544],[91.895845094601881,26.302721713335384]],[[92.046948576335197,26.37560225224609],[92.041207338661934,26.335417765741514],[92.008322323740018,26.325850963443479],[92.002617742574216,26.308769951514588]],[[92.046948576335197,26.37560225224609],[92.031999290456838,26.384589943224167]],[[92.031999290456838,26.384589943224167],[91.99574984410269,26.370574639153329]],[[92.267292824734966,26.432675680451634],[92.203084940055348,26.410439836675511],[92.201761269075732,26.383946143178907],[92.133602179517794,26.351887999716336]],[[92.267292824734966,26.432675680451634],[92.302176924350007,26.422178286426014],[92.323384644626543,26.459907068025782]],[[92.154385087028217,26.445069698333604],[92.124643898830058,26.411941524369901],[92.087624170938057,26.409626395765216],[92.068043054407298,26.37541290509262],[92.054107349920614,26.380235841202207],[92.046948576335197,26.37560225224609]],[[92.154385087028217,26.445069698333604],[92.11916323704871,26.461637816944023],[92.082764207233694,26.449112159039796],[92.031999290456838,26.384589943224167]],[[92.217112391703353,26.451604036274802],[92.147249308988677,26.387746422402135],[92.133602179517794,26.351887999716336]],[[92.217112391703353,26.451604036274802],[92.154385087028217,26.445069698333604]],[[92.293457208118937,26.457415014323203],[92.267292824734966,26.432675680451634]],[[92.293457208118937,26.457415014323203],[92.234180819062303,26.464129516512504],[92.217112391703353,26.451604036274802]],[[92.323384644626543,26.459907068025782],[92.302989280048678,26.464487623968463]],[[92.302989280048678,26.464487623968463],[92.293457208118937,26.457415014323203]],[[92.673992962734332,26.549078709835534],[92.677057600638847,26.534506145658543],[92.644860314910346,26.515560084701903],[92.584829869537629,26.515242250622425],[92.53803666735557,26.540559343822977],[92.512258231413512,26.518222248632529],[92.484427233917714,26.523120971039958],[92.486575855828931,26.504780067822395],[92.379206618684989,26.47983988139098],[92.363731792295511,26.457197406631256],[92.323384644626543,26.459907068025782]],[[92.673992962734332,26.549078709835534],[92.592875076187482,26.558237500491579],[92.519487904418753,26.601012333361563]],[[92.740036320515443,26.563944058818389],[92.694037537517829,26.539896926463236],[92.673992962734332,26.549078709835534]],[[92.740036320515443,26.563944058818389],[92.704463587007837,26.59244187662328]],[[92.808683772443487,26.575633790051633],[92.787941558585757,26.545956230679977],[92.740036320515443,26.563944058818389]],[[92.808683772443487,26.575633790051633],[92.774931085598809,26.611458707504735]],[[92.519487904418753,26.601012333361563],[92.440026166102299,26.555338336014156],[92.425156635451742,26.522070714522084],[92.377275165133454,26.525459961800944],[92.314258806483934,26.497225891103501],[92.302989280048678,26.464487623968463]],[[92.704463587007837,26.59244187662328],[92.674573731760546,26.592033544661696],[92.658032501992338,26.613131177114628]],[[92.658032501992338,26.613131177114628],[92.636370420689701,26.622147965868304],[92.608602456943345,26.586711685396363],[92.56856898036537,26.60325023422423],[92.519487904418753,26.601012333361563]],[[92.658032501992338,26.613131177114628],[92.708573520299723,26.639959971224418],[92.740023475271414,26.63733700376806],[92.761495328036133,26.613573504120971]],[[92.774931085598809,26.611458707504735],[92.761495328036133,26.613573504120971]],[[92.774931085598809,26.611458707504735],[92.834656139833584,26.617357985995774],[92.86111498912453,26.605946585063169]],[[92.761495328036133,26.613573504120971],[92.704463587007837,26.59244187662328]],[[92.86111498912453,26.605946585063169],[92.821187021984102,26.575180996337032],[92.808683772443487,26.575633790051633]],[[92.970946616701411,26.6299574667634],[92.888563818038165,26.628056721249237],[92.86111498912453,26.605946585063169]],[[93.130254925728295,26.619402857376368],[93.099942932634093,26.589052236011575],[93.050036153199642,26.601471489841938],[93.012146669652154,26.583499740767131],[92.997249838090838,26.615830136696207],[92.970946616701411,26.6299574667634]],[[93.130254925728295,26.619402857376368],[93.034401322387041,26.640880226541459],[92.970946616701411,26.6299574667634]],[[93.57444850552065,26.700895899311814],[93.612695706940798,26.681836687506451],[93.673929862562858,26.697740827680576]],[[93.57444850552065,26.700895899311814],[93.530965284483059,26.706712410588395],[93.519858402555286,26.720712842703755]],[[93.673929862562858,26.697740827680576],[93.664333413210343,26.707090299288375]],[[93.664333413210343,26.707090299288375],[93.57444850552065,26.700895899311814]],[[93.664333413210343,26.707090299288375],[93.669301254990572,26.723850586718122]],[[93.519858402555286,26.720712842703755],[93.470072318397087,26.76724245879139]],[[93.349233389192335,26.743331415275055],[93.30617835497506,26.73181531844137],[93.261915616300072,26.680239190007878],[93.231615119785161,26.682805919388596],[93.211071435217036,26.654472577830564],[93.154972942708909,26.651376365810311],[93.130254925728295,26.619402857376368]],[[93.669301254990572,26.723850586718122],[93.601094451309535,26.732405766041676],[93.533491029262862,26.716708358280272],[93.519858402555286,26.720712842703755]],[[93.398106366144262,26.747861930700534],[93.349233389192335,26.743331415275055]],[[93.690199902051745,26.736300827146323],[93.669301254990572,26.723850586718122]],[[93.447607662410789,26.765896145624733],[93.415490331833723,26.737309462850313],[93.398106366144262,26.747861930700534]],[[93.470072318397087,26.76724245879139],[93.447607662410789,26.765896145624733]],[[93.433302635893881,26.773032800407115],[93.386036857401422,26.784025856670578],[93.349233389192335,26.743331415275055]],[[93.438250249686092,26.773018542676276],[93.398106366144262,26.747861930700534]],[[93.438250249686092,26.773018542676276],[93.447607662410789,26.765896145624733]],[[93.787083515220445,26.743024532352425],[93.753432115817304,26.72791985784939],[93.735836005174178,26.699568711979126],[93.702219119536764,26.713473992434906],[93.673929862562858,26.697740827680576]],[[93.787083515220445,26.743024532352425],[93.747013124830971,26.752291269848314],[93.73607972946067,26.737724485920044],[93.726751883763399,26.742699566345937],[93.70712890337866,26.734931556555466],[93.690199902051745,26.736300827146323]],[[93.440083432307631,26.774681570571516],[93.438250249686092,26.773018542676276]],[[93.547462654608239,26.78074602191597],[93.54208537128288,26.781958044867121]],[[93.547462654608239,26.78074602191597],[93.524615385780422,26.790548369058925],[93.503989662402574,26.788730335548525]],[[93.54208537128288,26.781958044867121],[93.470072318397087,26.76724245879139]],[[93.503989662402574,26.788730335548525],[93.440083432307631,26.774681570571516]],[[93.503989662402574,26.788730335548525],[93.471722177773614,26.796552133304282],[93.440083432307631,26.774681570571516]],[[93.646558309276145,26.782794510339222],[93.625152250261166,26.760871957669238],[93.54208537128288,26.781958044867121]],[[93.646558309276145,26.782794510339222],[93.63054595446502,26.799609191591493],[93.609105103163571,26.783357845065481],[93.584625659340333,26.780199758254874],[93.574605133713078,26.797031509903629],[93.547462654608239,26.78074602191597]],[[93.723014555050412,26.779471978024596],[93.690199902051745,26.736300827146323]],[[93.723014555050412,26.779471978024596],[93.719608230665756,26.795196623023639]],[[93.753125366426104,26.789844854470772],[93.723014555050412,26.779471978024596]],[[93.719608230665756,26.795196623023639],[93.695387261213739,26.785439614717536],[93.687171204058544,26.803758982602847],[93.646558309276145,26.782794510339222]],[[93.719608230665756,26.795196623023639],[93.757437821843382,26.810454972179922]],[[93.798346928092585,26.805916351521734],[93.765976821120532,26.789813636720496],[93.753125366426104,26.789844854470772]],[[93.757437821843382,26.810454972179922],[93.753125366426104,26.789844854470772]],[[93.843874741493494,26.817690772713338],[93.807310962340836,26.802516265016745],[93.798346928092585,26.805916351521734]],[[93.793030536336346,26.826147376110971],[93.757437821843382,26.810454972179922]],[[93.793030536336346,26.826147376110971],[93.798346928092585,26.805916351521734]],[[93.960607306569216,26.819094963539285],[93.922634832821444,26.766368581718325],[93.88446647151315,26.787088849921822],[93.838787050182162,26.745038709472066],[93.787083515220445,26.743024532352425]],[[93.960607306569216,26.819094963539285],[93.940818717373872,26.830748796172177],[93.889364861003259,26.825695368848226],[93.868774937370247,26.808541695104491],[93.843874741493494,26.817690772713338]],[[93.992836342184191,26.827219616247945],[93.960607306569216,26.819094963539285]],[[93.992836342184191,26.827219616247945],[94.003786587447451,26.826311411050153],[94.022123957065247,26.83189442939485],[94.071741852821475,26.831157358707411],[94.094986489770008,26.849708714353561],[94.169157683835508,26.833929602398555],[94.224094754555082,26.867440785003552]],[[93.865425392532003,26.842428478873156],[93.843874741493494,26.817690772713338]],[[93.865425392532003,26.842428478873156],[93.834680870211486,26.861848920031907],[93.793030536336346,26.826147376110971]],[[94.004002452482439,26.857527052405068],[93.992836342184191,26.827219616247945]],[[94.004002452482439,26.857527052405068],[93.965513226059826,26.877896689518714],[93.937403819682174,26.850870954155511],[93.865425392532003,26.842428478873156]],[[94.004002452482439,26.857527052405068],[94.028892015766203,26.856984908101932],[94.053913479028125,26.886333479516786],[94.076873269147129,26.87795279514911],[94.132842799876542,26.908391864271664]],[[94.238400131416086,26.864034469456779],[94.224094754555082,26.867440785003552]],[[94.238400131416086,26.864034469456779],[94.282395492383159,26.859238320335152],[94.287043503415092,26.877549935770052]],[[94.224094754555082,26.867440785003552],[94.197160840903535,26.898687992990268],[94.15628094422037,26.902840487089737]],[[94.287043503415092,26.877549935770052],[94.266329496997301,26.883060546800696]],[[94.266329496997301,26.883060546800696],[94.25492667587001,26.866239845815166],[94.249266150963635,26.863595407321988],[94.238400131416086,26.864034469456779]],[[94.15628094422037,26.902840487089737],[94.132842799876542,26.908391864271664]],[[94.132842799876542,26.908391864271664],[94.059460330310444,26.905792501354355],[94.033936342986294,26.922181587407586],[94.000000000839748,26.894239537536226],[93.935848961170123,26.89761467133934]],[[94.282434055906492,26.898077909463783],[94.266329496997301,26.883060546800696]],[[94.282434055906492,26.898077909463783],[94.22598467275526,26.922582407299011],[94.199807359913322,26.909473016729343],[94.175582530476589,26.920576063711778],[94.15628094422037,26.902840487089737]],[[94.343147169796978,26.898958839116986],[94.287043503415092,26.877549935770052]],[[94.343147169796978,26.898958839116986],[94.335004272308367,26.903079760716558]],[[94.335004272308367,26.903079760716558],[94.295907093254996,26.906954647943493]],[[94.295907093254996,26.906954647943493],[94.282434055906492,26.898077909463783]],[[94.347905198206092,26.906013348510502],[94.335004272308367,26.903079760716558]],[[94.347905198206092,26.906013348510502],[94.343147169796978,26.898958839116986]],[[94.308380656832227,26.919581743447573],[94.295907093254996,26.906954647943493]],[[94.338382058445291,26.960143726628722],[94.308380656832227,26.919581743447573]],[[94.417103383102969,26.967482418613947],[94.347905198206092,26.906013348510502]],[[94.417103383102969,26.967482418613947],[94.338382058445291,26.960143726628722]],[[94.341515877583873,27.000945135487566],[94.330854967063857,26.963230531736432],[94.306994293921235,26.950394007170193],[94.308380656832227,26.919581743447573]],[[94.364258818623711,26.999844178149214],[94.338382058445291,26.960143726628722]],[[94.364258818623711,26.999844178149214],[94.345844333007534,27.002931497953565],[94.341515877583873,27.000945135487566]],[[94.423437746000403,27.059026911303821],[94.420722611348111,27.025129832633748],[94.364258818623711,26.999844178149214]],[[94.423437746000403,27.059026911303821],[94.392269247515571,27.061963162906416],[94.341515877583873,27.000945135487566]],[[94.525163776343774,27.076065101948409],[94.491904228386034,27.060458937292307],[94.478254185977022,27.021880585637184],[94.417103383102969,26.967482418613947]],[[94.525163776343774,27.076065101948409],[94.526291547971113,27.047772035534148]],[[94.525556697791345,27.091414710414099],[94.525163776343774,27.076065101948409]],[[94.526947377782278,27.093733432250271],[94.525556697791345,27.091414710414099]],[[94.550205256133168,27.105248308537647],[94.526947377782278,27.093733432250271]],[[94.550205256133168,27.105248308537647],[94.533635224370087,27.104966869115618],[94.526947377782278,27.093733432250271]],[[94.519811174171679,27.126701401535541],[94.525556697791345,27.091414710414099]],[[94.510424520805827,27.137500185951154],[94.452241430301143,27.114330717983908],[94.423437746000403,27.059026911303821]],[[94.510424520805827,27.137500185951154],[94.519811174171679,27.126701401535541]],[[94.566553774921445,27.181968988813551],[94.543775816198846,27.165280118256675],[94.545563519409939,27.140937957795686],[94.519811174171679,27.126701401535541]],[[94.600935611114025,27.269863282829164],[94.559024326529908,27.250331878390096],[94.551076163050297,27.192404055703655],[94.521824927001717,27.173479419155385],[94.510424520805827,27.137500185951154]],[[94.600935611114025,27.269863282829164],[94.600580381999677,27.237754884072025],[94.562122618392792,27.209595676892164],[94.566553774921445,27.181968988813551]],[[94.612959959988544,27.284678397628667],[94.600935611114025,27.269863282829164]],[[94.66990464324617,27.287163453027336],[94.661171874507474,27.246197159570141],[94.626931890121455,27.232507926678753],[94.623191612575397,27.193857013582452],[94.568922209551189,27.157465607964863],[94.573440589777945,27.139105828471234],[94.550205256133168,27.105248308537647]],[[94.66990464324617,27.287163453027336],[94.607127289955116,27.235966220180444],[94.606404983769906,27.201566609387729],[94.585452648198142,27.202414343444985],[94.566553774921445,27.181968988813551]],[[94.646080769604993,27.298419554868996],[94.632501960466655,27.279563214629956],[94.612959959988544,27.284678397628667]],[[94.62151915575231,27.305831210588558],[94.612959959988544,27.284678397628667]],[[94.675671816318868,27.307403847603361],[94.646080769604993,27.298419554868996]],[[94.675671816318868,27.307403847603361],[94.66990464324617,27.287163453027336]],[[94.648944259998132,27.314518409609779],[94.62151915575231,27.305831210588558]],[[94.648944259998132,27.314518409609779],[94.646080769604993,27.298419554868996]],[[94.619365684836353,27.331179369401671],[94.62151915575231,27.305831210588558]],[[94.619365684836353,27.331179369401671],[94.614640735421645,27.346240183153522],[94.684613617180574,27.395682580530799]],[[94.697158986000645,27.334394131256243],[94.684586700651167,27.310829135532096],[94.681546558536027,27.308503407640238],[94.677401041673917,27.307242357447947],[94.675671816318868,27.307403847603361]],[[94.711615313183245,27.365578128184939],[94.697158986000645,27.334394131256243]],[[94.681796237963695,27.382455694753137],[94.619365684836353,27.331179369401671]],[[94.715406015377226,27.384590711357767],[94.681480491100359,27.364180519156402],[94.679855190294873,27.337213718339264],[94.648944259998132,27.314518409609779]],[[94.715406015377226,27.384590711357767],[94.711615313183245,27.365578128184939]],[[94.758100697493944,27.381445714147851],[94.75884333576488,27.352899328280508],[94.738246228775665,27.342151609600368],[94.718910875626761,27.345032555319747],[94.708291864209059,27.33472156358139],[94.702735516410442,27.334019213434186],[94.697158986000645,27.334394131256243]],[[94.758100697493944,27.381445714147851],[94.711615313183245,27.365578128184939]],[[94.684613617180574,27.395682580530799],[94.681796237963695,27.382455694753137]],[[94.747885240528589,27.422922244626641],[94.733539698874054,27.405892365777611],[94.742143773787376,27.392136449290781],[94.715406015377226,27.384590711357767]],[[94.747885240528589,27.422922244626641],[94.726453050495593,27.425354686950815]],[[94.726453050495593,27.425354686950815],[94.702023699327981,27.410251904461095],[94.695011358972891,27.389692376956837],[94.684654597502998,27.382276403924699],[94.681796237963695,27.382455694753137]],[[94.726453050495593,27.425354686950815],[94.685955597814015,27.425268337277409],[94.684613617180574,27.395682580530799]],[[94.783986097948144,27.442096109319291],[94.780620254524052,27.39716529340113],[94.758100697493944,27.381445714147851]],[[94.783986097948144,27.442096109319291],[94.763181410522876,27.447553394738211],[94.747885240528589,27.422922244626641]],[[94.795860320889915,27.459129000361262],[94.783986097948144,27.442096109319291]],[[94.795860320889915,27.459129000361262],[94.815952407543023,27.458275777503815],[94.830584147163862,27.463853598843613],[94.848525557849186,27.500080039699125]],[[94.848525557849186,27.500080039699125],[94.90583299970119,27.498889000071888],[94.991550408462913,27.543543640737532]],[[94.848525557849186,27.500080039699125],[94.864441640101504,27.531074279627724],[94.916323536013778,27.563356955064155],[94.991550408462913,27.543543640737532]],[[94.81807632725868,27.524310189609459],[94.823881362458664,27.488057930164278],[94.795860320889915,27.459129000361262]],[[94.851005248383416,27.547526454787494],[94.81807632725868,27.524310189609459]],[[94.851005248383416,27.547526454787494],[94.824645882593373,27.54773112570448],[94.81807632725868,27.524310189609459]],[[94.991550408462913,27.543543640737532],[95.058651672552529,27.54517758118881],[94.922622735009867,27.584078103926487]],[[94.867211695329019,27.562437147074238],[94.851005248383416,27.547526454787494]],[[94.922622735009867,27.584078103926487],[94.867211695329019,27.562437147074238]],[[94.922622735009867,27.584078103926487],[94.896987210085854,27.586503911610261],[94.867211695329019,27.562437147074238]]]}},
{"type":"Feature","properties":{"objectid":3941,"rivname":"Bura","rilcode":"1","origin":null,"major_trib":"Ardei, Kongira, Kairobandan","bacode":"07","ba_name":"Brahmani and Baitarni","sub_basin":null,"shape_Leng":24040.267804800002},"geometry":{"type":"LineString","coordinates":[[86.275329476989171,20.918165180249577],[86.255958742623093,20.895522307605013],[86.299357839345717,20.866291259248268],[86.286846724687237,20.846447193613219],[86.323001487029259,20.77539919104818]]}},
{"type":"Feature","properties":{"objectid":4038,"rivname":"Cauvery","rilcode":"1","origin":"Originate at Talakaveri in Coorg District of Karnataka in Brahmagiri Range of Western Ghats","major_trib":"Hemavati, Kabini, Bhavani, Noyil, Amaravati, Shimsha, Arkavati","bacode":"05","ba_name":"Cauvery","sub_basin":null,"shape_Leng":895111.65501300001},"geometry":{"type":"MultiLineString","coordinates":[[[79.020296256893644,10.871117780446804],[79.034906176076078,10.872774546178523]],[[79.042649489310335,10.872237891184223],[79.063451060121821,10.873472142233236]],[[79.017072129878613,10.872142677623254],[79.020296256893644,10.871117780446804]],[[79.017072129878613,10.872142677623254],[79.017881083740349,10.872195033266657],[79.019413391080022,10.871901173058795],[79.020296256893644,10.871117780446804]],[[79.06668715174844,10.872500357562998],[79.108187472321433,10.876766914462076]],[[79.034906176076078,10.872774546178523],[79.03863196925721,10.870339765955286],[79.042649489310335,10.872237891184223]],[[79.034906176076078,10.872774546178523],[79.042649489310335,10.872237891184223]],[[79.063451060121821,10.873472142233236],[79.06668715174844,10.872500357562998]],[[79.063451060121821,10.873472142233236],[79.063824733080182,10.873650796629372],[79.065890854330078,10.873393234933738],[79.06668715174844,10.872500357562998]],[[79.007611353263215,10.87322012624308],[79.011622622956196,10.873512449534385]],[[79.007611353263215,10.87322012624308],[79.010220529623467,10.874189687954445],[79.011622622956196,10.873512449534385]],[[79.011622622956196,10.873512449534385],[79.017072129878613,10.872142677623254]],[[79.108187472321433,10.876766914462076],[79.111000282732434,10.879657154299442]],[[79.108187472321433,10.876766914462076],[79.108423257213047,10.878543362095996],[79.111000282732434,10.879657154299442]],[[79.111000282732434,10.879657154299442],[79.216013802400056,10.93083656803214],[79.384981504637949,10.970479647242623],[79.562524986183263,11.081096374958195],[79.645185418459917,11.106168583885172],[79.734386880189106,11.109232552713138],[79.758714287980624,11.147384280281148],[79.856863645912796,11.136750701845797]],[[78.168449090290366,11.00842760437193],[78.179976396036182,10.974975441131702],[78.217031897610866,10.952706737810873],[78.260043763440706,10.975239766001939],[78.310445599672363,10.96151099064214],[78.399359673811972,10.966402226346817],[78.472028028301366,10.912764504443297],[78.55806876211453,10.903161834868429],[78.597252250218006,10.877166480080431],[78.653292448135588,10.871243958626971],[78.704315434972727,10.83568430083151],[78.87491811569214,10.834859053290431],[79.007611353263215,10.87322012624308]],[[78.168449090290366,11.00842760437193],[78.157825093505053,11.022008128292198]],[[78.167404456800739,11.015235109289424],[78.168449090290366,11.00842760437193]],[[78.16491730665166,11.019307949153252],[78.167404456800739,11.015235109289424]],[[78.160964603077886,11.02087076593387],[78.16491730665166,11.019307949153252]],[[78.160964603077886,11.02087076593387],[78.161926365190766,11.020827545241664],[78.163729441453711,11.021000654133633]],[[78.163729441453711,11.021000654133633],[78.16491730665166,11.019307949153252]],[[78.159966523155376,11.021181645960354],[78.167404456800739,11.015235109289424]],[[78.159966523155376,11.021181645960354],[78.160964603077886,11.02087076593387]],[[78.157825093505053,11.022008128292198],[78.159966523155376,11.021181645960354]],[[78.157100583913959,11.022992987754503],[78.157825093505053,11.022008128292198]],[[78.156107043606568,11.025003641790999],[78.157100583913959,11.022992987754503]],[[78.156107043606568,11.025003641790999],[78.156629100045095,11.025042628718632],[78.157306226787725,11.024841965216515],[78.163729441453711,11.021000654133633]],[[78.151802973681797,11.027397227977673],[78.157100583913959,11.022992987754503]],[[78.151802973681797,11.027397227977673],[78.156107043606568,11.025003641790999]],[[78.145700645847413,11.039176437659135],[78.151802973681797,11.027397227977673]],[[78.140365745609017,11.045946524684492],[78.145700645847413,11.039176437659135]],[[78.140365745609017,11.045946524684492],[78.1421610880776,11.046067356773985],[78.143764207271701,11.04508867130064],[78.145700645847413,11.039176437659135]],[[78.134546800528327,11.052091326386362],[78.140365745609017,11.045946524684492]],[[78.12967006265454,11.055405905366914],[78.134546800528327,11.052091326386362]],[[78.128658109256691,11.059172031873516],[78.12967006265454,11.055405905366914]],[[78.128658109256691,11.059172031873516],[78.134546800528327,11.052091326386362]],[[78.118291972591109,11.0628931386132],[78.12967006265454,11.055405905366914]],[[78.110438400790855,11.065132033040571],[78.118291972591109,11.0628931386132]],[[78.115577881103107,11.067730355981947],[78.118291972591109,11.0628931386132]],[[78.115577881103107,11.067730355981947],[78.128658109256691,11.059172031873516]],[[78.10865690532431,11.071293895591015],[78.110438400790855,11.065132033040571]],[[78.10865690532431,11.071293895591015],[78.109515813972948,11.071245526068115],[78.110834956452592,11.07155372023815]],[[78.110834956452592,11.07155372023815],[78.115577881103107,11.067730355981947]],[[78.104704364075317,11.071559773067968],[78.110438400790855,11.065132033040571]],[[78.106199757397945,11.073299277483304],[78.10865690532431,11.071293895591015]],[[78.106199757397945,11.073299277483304],[78.108971390980216,11.073756998566109]],[[78.108971390980216,11.073756998566109],[78.110834956452592,11.07155372023815]],[[78.053202871958518,11.073289572114957],[78.071211332252261,11.074541294641683]],[[78.103527442789769,11.074770768479603],[78.106199757397945,11.073299277483304]],[[78.071211332252261,11.074541294641683],[78.073941181697819,11.076343878332354]],[[78.101564792079117,11.075614674938439],[78.104704364075317,11.071559773067968]],[[78.101564792079117,11.075614674938439],[78.103527442789769,11.074770768479603]],[[78.068628124797442,11.075296239759902],[78.071211332252261,11.074541294641683]],[[78.068628124797442,11.075296239759902],[78.074515906343009,11.078550428779197]],[[78.10086704774838,11.075842365592781],[78.101564792079117,11.075614674938439]],[[78.10086704774838,11.075842365592781],[78.102810531329624,11.076495456966139]],[[78.100507126647642,11.0759677289817],[78.10086704774838,11.075842365592781]],[[78.102810531329624,11.076495456966139],[78.103527442789769,11.074770768479603]],[[78.102685820774369,11.076677688343572],[78.102810531329624,11.076495456966139]],[[78.102685820774369,11.076677688343572],[78.103305102618151,11.076668883554824],[78.103906614844846,11.076736385690507],[78.105497107948722,11.07722147758988]],[[78.073941181697819,11.076343878332354],[78.089052493819437,11.07725703980184]],[[78.073941181697819,11.076343878332354],[78.075661179749758,11.078637745140394]],[[78.065862527980869,11.076247494994998],[78.068628124797442,11.075296239759902]],[[78.065862527980869,11.076247494994998],[78.074515906343009,11.078550428779197]],[[78.097617486342116,11.076932980749008],[78.09805144851174,11.075690984579399],[78.100507126647642,11.0759677289817]],[[78.097617486342116,11.076932980749008],[78.100507126647642,11.0759677289817]],[[78.097254183260091,11.077102367265711],[78.097617486342116,11.076932980749008]],[[78.105497107948722,11.07722147758988],[78.108971390980216,11.073756998566109]],[[78.089052493819437,11.07725703980184],[78.104704364075317,11.071559773067968]],[[78.089052493819437,11.07725703980184],[78.094006582983653,11.077944165984954]],[[78.101827022597064,11.077526275802999],[78.102685820774369,11.076677688343572]],[[78.0483838531988,11.076818257584332],[78.053202871958518,11.073289572114957]],[[78.0483838531988,11.076818257584332],[78.05027998371034,11.076953041876347],[78.053202871958518,11.073289572114957]],[[78.097154489875919,11.077669589090597],[78.097254183260091,11.077102367265711]],[[78.097154489875919,11.077669589090597],[78.101827022597064,11.077526275802999]],[[78.095887088142931,11.077803137435557],[78.097254183260091,11.077102367265711]],[[78.047532074290004,11.077268575519387],[78.0483838531988,11.076818257584332]],[[78.094006582983653,11.077944165984954],[78.095887088142931,11.077803137435557]],[[78.1013662041007,11.078625237984639],[78.101827022597064,11.077526275802999]],[[78.0968839646698,11.078577922302808],[78.097154489875919,11.077669589090597]],[[78.0968839646698,11.078577922302808],[78.1013662041007,11.078625237984639]],[[78.074515906343009,11.078550428779197],[78.075661179749758,11.078637745140394]],[[78.075661179749758,11.078637745140394],[78.088151447602414,11.082539955718239]],[[78.102050241115336,11.079360393079144],[78.1013662041007,11.078625237984639]],[[78.102050241115336,11.079360393079144],[78.105497107948722,11.07722147758988]],[[78.094220775869474,11.079734293534722],[78.095887088142931,11.077803137435557]],[[78.094220775869474,11.079734293534722],[78.096249168396,11.079919565138171]],[[78.096249168396,11.079919565138171],[78.0968839646698,11.078577922302808]],[[78.093710074297249,11.08003606727169],[78.094220775869474,11.079734293534722]],[[78.093002996875484,11.08080703866441],[78.093710074297249,11.08003606727169]],[[78.093002996875484,11.08080703866441],[78.09416096502197,11.080896133487297]],[[78.090426777453175,11.080822388383183],[78.094006582983653,11.077944165984954]],[[78.090426777453175,11.080822388383183],[78.093710074297249,11.08003606727169]],[[78.09416096502197,11.080896133487297],[78.096249168396,11.079919565138171]],[[78.09416096502197,11.080896133487297],[78.097604569581904,11.081186771146989],[78.102050241115336,11.079360393079144]],[[78.043356132115179,11.081483351456903],[78.047532074290004,11.077268575519387]],[[78.088151447602414,11.082539955718239],[78.090426777453175,11.080822388383183]],[[78.088151447602414,11.082539955718239],[78.093002996875484,11.08080703866441]],[[78.035933503092437,11.082567014810436],[78.047532074290004,11.077268575519387]],[[78.035933503092437,11.082567014810436],[78.043356132115179,11.081483351456903]],[[78.036853400702739,11.088042159092481],[78.043356132115179,11.081483351456903]],[[78.036853400702739,11.088042159092481],[78.065862527980869,11.076247494994998]],[[78.030104330644534,11.089397789699488],[78.035933503092437,11.082567014810436]],[[78.030104330644534,11.089397789699488],[78.034444404227287,11.090028867596219],[78.036853400702739,11.088042159092481]],[[78.025605662694076,11.090230200133707],[78.030104330644534,11.089397789699488]],[[78.008028084816473,11.096283982166099],[78.025605662694076,11.090230200133707]],[[78.008028084816473,11.096283982166099],[78.010640667219022,11.096153259865032],[78.014117901055727,11.096425225556496],[78.025605662694076,11.090230200133707]],[[77.16971827977008,12.258890451367616],[77.190319626351666,12.308121384610223]],[[77.16971827977008,12.258890451367616],[77.166370606680488,12.309819409801028],[77.190319626351666,12.308121384610223]],[[77.190319626351666,12.308121384610223],[77.325826697528342,12.307380477356649],[77.349000610173292,12.278533784601452],[77.432372383358896,12.286982606496428],[77.448930565381261,12.249517359400558],[77.482650419514769,12.232476386325997],[77.475906449176179,12.205658919479767],[77.519210549133476,12.194640437542018],[77.609878984570159,12.205642470965346],[77.726353796965981,12.181824646192954],[77.776004733608858,12.117628648918835],[77.708818564457175,12.035908698208551],[77.674689707948161,11.953071773691692],[77.841629596977,11.895319396134665],[77.736132724007874,11.603488150530502],[77.746110148767855,11.568291730158251],[77.724683124807541,11.537339278862934],[77.732168899740401,11.511204248806074],[77.699741568897522,11.478025940001116],[77.681448901879463,11.420412590047151],[77.752177225599567,11.356329883933737],[77.80846143532699,11.266103811622443],[77.86361979095237,11.243992306063173],[77.861619579386257,11.185732368504574],[77.886122097942007,11.153115236867908],[77.892549628664185,11.075308401263667],[77.957371037644279,11.067678274479608],[78.008028084816473,11.096283982166099]],[[76.809041002970289,12.357396930249504],[76.916147028966392,12.212618315459496],[76.992051799577453,12.239955309985412],[77.029760516391732,12.232556636963301],[77.034613546993143,12.218365200198761],[77.009216710265164,12.187182986996678],[77.017716407047843,12.169904406953906],[77.060649181032531,12.167919076400169],[77.077679594298502,12.190874460948537],[77.122349532941584,12.19779209766029],[77.133827225558193,12.223353228612565],[77.123590364569807,12.243113472330478],[77.16971827977008,12.258890451367616]],[[76.788863713341499,12.387867318313242],[76.79844535397028,12.365490529865967],[76.805099483305639,12.357210287624159],[76.809041002970289,12.357396930249504]],[[76.788863713341499,12.387867318313242],[76.809041002970289,12.357396930249504]],[[76.723003704576826,12.406897314431673],[76.776719343892793,12.404284792173051],[76.788863713341499,12.387867318313242]],[[76.597522016871196,12.41805762421362],[76.614769663704081,12.420538170662589]],[[76.597522016871196,12.41805762421362],[76.606172135190036,12.413403163235831],[76.626453385944458,12.422695576823587]],[[76.614769663704081,12.420538170662589],[76.626453385944458,12.422695576823587]],[[76.614769663704081,12.420538170662589],[76.587174433188579,12.422133528820666]],[[76.626453385944458,12.422695576823587],[76.663696541209347,12.430261969686331]],[[76.587174433188579,12.422133528820666],[76.597522016871196,12.41805762421362]],[[75.492332012561405,12.395583908703715],[75.517501105923728,12.40015647005594],[75.620889819443221,12.330262150554567],[75.694138068296155,12.329324841731182],[75.703142494811203,12.306809021567148],[75.741669606992048,12.30031240655031],[75.751528381034731,12.273609238248595],[75.790851217223747,12.302567319519822],[75.809824044293165,12.292223499317659],[75.821941234013153,12.315470137178758],[75.827564452683049,12.298726192829093],[75.846509115998458,12.310171421836603],[75.854130617929741,12.29546702709008],[75.888058339589534,12.32060517611205],[75.884176773748649,12.341405610897487],[75.903487515362457,12.346547529460942],[75.897536711221264,12.367434743231744],[75.914250639875789,12.38028279064258],[75.925896960076557,12.437474868416293],[75.971955173968908,12.450101735202622],[75.960725215989669,12.505175362225225],[75.993274189350714,12.521493984463483],[75.991265371070568,12.56110195280241],[76.01237395400797,12.55448159206717],[76.054889125254263,12.623643824643127],[76.182075310079881,12.574707872297672],[76.183135219366719,12.546182753484477],[76.225563213612915,12.535127124741265],[76.226442992359225,12.520745206815727],[76.297541294327786,12.505671285476058],[76.32502485462004,12.516061042784806],[76.390503344314084,12.488461280785108],[76.390917338822106,12.46873043820127],[76.411387438006457,12.486936401798921],[76.420267477943284,12.53339758065265],[76.453278776314761,12.483401835103134],[76.587174433188579,12.422133528820666]],[[76.663696541209347,12.430261969686331],[76.691670146057717,12.40083716667289],[76.723003704576826,12.406897314431673]],[[76.663696541209347,12.430261969686331],[76.723003704576826,12.406897314431673]]]}},
{"type":"Feature","properties":{"objectid":4182,"rivname":"Chambal","rilcode":"1","origin":"Vindhyaangeear Mhow In The Indore District Of Madhya Pradesh","major_trib":"Banas, Bageri, Chamla, Maleni, Sipra, Sau,upniyaadi, Khokhi, Kali Sindh, Mej, Parbati, Sip, Kuno","bacode":"2A","ba_name":"Ganga","sub_basin":null,"shape_Leng":988544.94016700005},"geometry":{"type":"LineString","coordinates":[[75.640655991115267,22.483184536700534],[75.582015280568996,22.529807603619041],[75.56173414651893,22.577180270776303],[75.513504290636661,22.591445544757931],[75.515423402659948,22.708159266372384],[75.46528385120601,22.82728953000106],[75.486803158237151,22.86796689036013],[75.487033436971799,22.968002694005392],[75.525553127110044,23.043007453484375],[75.513888975070429,23.066796994293764],[75.526049771964011,23.120803095660673],[75.498461694996976,23.162239869856133],[75.502005337965372,23.193868034354693],[75.441871647103113,23.34385850031871],[75.410492212050656,23.359780307076637],[75.38716808108353,23.396690558890818],[75.404847183434754,23.474673163575577],[75.351809535851785,23.527813443892995],[75.355763497178202,23.714204401014111],[75.332696082618256,23.728189984551783],[75.293362632752491,23.716049952268886],[75.265634331409373,23.792048029455337],[75.301075363913256,23.810088295245439],[75.348444502871757,23.805333534192599],[75.37501278900865,23.86935822637961],[75.457491697512907,23.911724607184954],[75.471830991441962,23.977885712813524],[75.525150477477808,24.037858532241266],[75.528865465727137,24.074487143496537],[75.430161077403795,24.159195395431226],[75.356746124369593,24.297561401030418],[75.362591843242399,24.314141146214173],[75.427873579216168,24.33490856823153],[75.43217342257087,24.359366977404562],[75.524056165843817,24.465163345785328],[75.592278646791655,24.516847943852699],[75.59967851538282,24.573492982615782],[75.585313455543201,24.620677496713252],[75.607129784969075,24.645355708702233],[75.49869097385232,24.750530199061782],[75.50401471061862,24.772938071520887],[75.608656187350064,24.790017308171276],[75.585426881029107,24.915644754104548],[75.577758576394956,24.931552402391901],[75.554566035031883,24.931210396562157],[75.55194540555641,24.96057422983932],[75.714678323119344,25.071325055513601],[75.742785371352753,25.111210219367528],[75.726723635009051,25.131486471310797],[75.813354518366211,25.154632254496374],[75.867481041459612,25.235750469831057],[75.928589522935852,25.285265448044964],[75.98677359883304,25.231546160638164],[76.034964732445417,25.281927582243547],[76.023594314750795,25.315763747854735],[76.066861999988546,25.331048470612117],[76.066686839954997,25.349063224801956],[76.085212944313881,25.353014934913681],[76.106518281442661,25.332723821412479],[76.128153239959602,25.348756526468978],[76.151566173034183,25.340432082249993],[76.154646279565924,25.363026376923823],[76.135498038044034,25.373639433417484],[76.153292425463434,25.389364338302915],[76.132740929759436,25.407390533776713],[76.174278175921302,25.443512835816772],[76.181300709718499,25.495775773527569],[76.206479139240088,25.486612084249128],[76.263566547266819,25.509065356485291],[76.283572801015083,25.53563679805325],[76.290378429090396,25.629846147241878],[76.316059023706487,25.642179880181658],[76.295662864583477,25.670817882303719],[76.297318556378784,25.700318185774467],[76.336911361136217,25.700263235479731],[76.363680576702677,25.747692376655365],[76.446267864690981,25.777619871129374],[76.477010043317847,25.816813274332489],[76.476643586547851,25.841184196175796],[76.547864515798636,25.839080462537211],[76.588023384753342,25.87391914122486],[76.622100137215824,25.870212653267878],[76.645219098630932,25.90884683330345],[76.741964799058181,25.910591834821446],[76.756554879955857,25.924035840009807],[76.746399410854423,25.938989397598753],[76.792826812345353,25.943264733460051],[76.836678658227996,26.023952663711484],[76.884164511965196,26.0472653405945],[76.8994722407365,26.092816040555686],[77.001203797152556,26.131395412444363],[77.035529625242972,26.173638257520519],[77.093967230857515,26.180798450208201],[77.129397302838754,26.230675985743229],[77.21012415950112,26.232431819505532],[77.294995583605115,26.287672175964815],[77.34294996208564,26.352101548179192],[77.371353116722176,26.365390648878591],[77.444735552087536,26.361726949875568],[77.437061846964454,26.403740446646701],[77.541650195358145,26.412567526624137],[77.674019337212783,26.501689483776794],[77.725064293354862,26.500777141156888],[77.74496117763762,26.538632204251272],[77.819406934930129,26.547046820503262],[77.836115213229846,26.572978386978129],[77.830405789542937,26.598678809086078],[77.89744709170823,26.617375435983238],[77.904675287946858,26.660069836094586],[77.955308231907935,26.660545437408178],[77.998465458457616,26.694784973181829],[78.089497260404841,26.674268714718405],[78.091481593888972,26.731342464329021],[78.123484775981808,26.747968250299699],[78.10223754963026,26.76840805557373],[78.104315683394944,26.788036007560869],[78.186981159056245,26.784490086840471],[78.167284807776042,26.812626151695046],[78.174559434079057,26.825443503678592],[78.228458000928541,26.830265732105108],[78.268268989544694,26.812613165184722],[78.287358708128934,26.857282418843294],[78.359512771373872,26.869983507903974],[78.394687098801185,26.818233323916548],[78.433572142596461,26.826360771669719],[78.459467396875013,26.788838853228096],[78.522850412698162,26.78019141612485],[78.577752548378925,26.747730861282069],[78.610362254577495,26.750254545947183],[78.627521010861912,26.772287500381672],[78.671123007239032,26.762567062654391],[78.687028578982819,26.788986679674625],[78.725475806243608,26.79666273742448],[78.729146845234339,26.774988249110638],[78.752411357544176,26.78741005785081],[78.770082755940507,26.760566086421761],[78.817638794997833,26.762087714573166],[78.871407198851529,26.698471522474343],[78.912755105404273,26.706972659915181],[78.95567363663487,26.69149832884878],[78.944474190465513,26.656264386043173],[79.004544942920433,26.673583934042565],[78.99229976122993,26.641720761906182],[79.018061411382618,26.594282719748044],[79.094435288081172,26.535957522263281],[79.208428188641108,26.523778430654609],[79.192797518107099,26.466377437918073],[79.248299774449492,26.492002492609782]]}},
{"type":"Feature","properties":{"objectid":4200,"rivname":"Chammu Ture","rilcode":"1","origin":null,"major_trib":null,"bacode":"20","ba_name":"Minor rivers draining into Myanmar and Bangladesh","sub_basin":"Imphal and others","shape_Leng":60117.777530300002},"geometry":{"type":"LineString","coordinates":[[94.56222287298786,25.134772994490785],[94.528048048252131,25.172363284949874],[94.537706761144321,25.277459770414932],[94.518512289745388,25.295027684348128],[94.556476949591982,25.360735084325846],[94.533126457419371,25.457186304767351],[94.551908465432504,25.507469842140242]]}},
{"type":"Feature","properties":{"objectid":4546,"rivname":"Chenab","rilcode":"1","origin":null,"major_trib":null,"bacode":"01","ba_name":"Indus (Up to border)","sub_basin":"Chenab","shape_Leng":431420.12562200002},"geometry":{"type":"LineString","coordinates":[[76.976523948750511,32.550569593375918],[76.92517745373398,32.606603301360387],[76.854507584251948,32.63867393701922],[76.731122633769672,32.660773668451441],[76.606838327040109,32.760222362995961],[76.539973634988186,32.763562598470237],[76.482828629805311,32.742126014123045],[76.441616452593038,32.768446709508673],[76.418716874692521,32.79912847718429],[76.439938677694926,32.859267144535188],[76.464772365742022,32.869436304236046],[76.464566895426685,32.910330949166799],[76.449467539127198,32.94795402144787],[76.420895753469082,32.960151280074847],[76.434289482925379,32.997827527608649],[76.424677044788055,33.053144578894546],[76.360144601275039,33.098168006729416],[76.352570214040199,33.122803491989671],[76.319119501503977,33.122057637637916],[76.287549582844917,33.160338206007019],[76.247885389698396,33.157146883737227],[76.236342572925878,33.196690408308406],[76.197910306293323,33.227172259535038],[76.185719983290696,33.260954118304703],[76.134275266057045,33.264850418623595],[76.046881846766667,33.334054253995518],[75.997625311996302,33.318684695634786],[75.956108279676187,33.346994481714162],[75.804933257484791,33.364771943382181],[75.76717016926986,33.388611960437807],[75.720734504349636,33.338160103176868],[75.797943849267313,33.216187826053137],[75.808347019805652,33.175790838378106],[75.796035186593983,33.147261191056103],[75.756483335331311,33.141156090409332],[75.747226811176873,33.155108105549871],[75.6889661549518,33.161946797642663],[75.638649822801128,33.125572075302109],[75.51233886375131,33.146201245225647],[75.424592798582822,33.125006637775286],[75.312426918434056,33.16984990302489],[75.302642857498938,33.204084887057327],[75.237492082624229,33.239151055621782],[75.149015324717979,33.268875220360201],[75.132178783861477,33.252233122123037],[75.147215755843945,33.241376925777644],[75.14126301696848,33.225878670128957],[75.0641499221272,33.155865537259331],[74.946045193796692,33.161415563255353],[74.844905250793033,33.145945784267667],[74.853962530327294,33.171210308725996],[74.802393113870778,33.177518875069012],[74.818216304221508,33.135084090521467],[74.791009115954523,33.116176119010277],[74.80772116254677,33.096527118359788],[74.788554201487884,33.070725542603988],[74.805121652335998,33.045819831213485],[74.78834641574862,33.031110750329439],[74.823577976005396,32.991975501419951],[74.789929892392692,32.969115221293606],[74.780222859158584,32.921431283098286],[74.792011266792727,32.909595109215445],[74.739072636794546,32.894649411038152],[74.588067000947603,32.803338670900608],[74.543617081506412,32.79648939277903],[74.523431302923697,32.742058287409833]]}},
{"type":"Feature","properties":{"objectid":6090,"rivname":"Dhaleswari","rilcode":"1","origin":null,"major_trib":null,"bacode":"2C","ba_name":"Barak and Others","sub_basin":"Barak","shape_Leng":386184.277183},"geometry":{"type":"LineString","coordinates":[[92.819861113872932,22.838472220105633],[92.805644362551007,22.857987100519178],[92.797848479137883,22.959443393125113],[92.764857561510965,22.965056403272023],[92.735181003186796,22.996957121550047],[92.742943264842324,23.004884248497511],[92.716224979710518,23.011259024161017],[92.729074060463731,23.066542666700098],[92.696184739920568,23.168767928498887],[92.687067025490762,23.354457960133633],[92.656609722059585,23.423392988959069],[92.654868810006676,23.519406918087881],[92.633610311666786,23.538489822498114],[92.656945053578426,23.561226772660405],[92.649044721835182,23.589929151794237],[92.674385574220864,23.620634555295119],[92.635049192942603,23.657798616174603],[92.666495554498539,23.706345350388286],[92.626062146885644,23.764126011098725],[92.640758910679054,23.785630485510861],[92.62377863393462,23.797534459596658],[92.632497072012072,23.815483391980017],[92.643865450037055,23.80515446332695],[92.654143676269953,23.820255880021897],[92.644104075760552,23.828613851003578],[92.662693573911426,23.837240783608081],[92.640237625496056,23.880777294087792],[92.660138993063256,23.915473012038927],[92.621268769938553,23.937257423415815],[92.633216316912367,23.99825088041062],[92.619006818324209,24.013101456073851],[92.636834827314701,24.033378609280536],[92.624945134921461,24.042681709825636],[92.622198713117484,24.031431369581352],[92.583046754626125,24.077452430978546],[92.566680405036465,24.041532764747451],[92.551655485316331,24.063595703493434],[92.537962896628656,24.036007156405056],[92.54579344792802,24.140812230933751],[92.527459511177327,24.165619955736929],[92.538155818718039,24.199730479217358],[92.521549906374233,24.189094194712006],[92.529132132309755,24.218822350061536],[92.496521918787948,24.254643470361394],[92.502034775366511,24.287866252647703],[92.51517917628459,24.278597279177074],[92.540370696215405,24.313447786377239],[92.530820362778343,24.341523201510046],[92.569278400697968,24.405115044277231],[92.550018876327727,24.448270612653882],[92.568577819683426,24.458415084482368],[92.563271537581954,24.470792980709639],[92.582128654208049,24.464269301016248],[92.570357030836902,24.516550236312867],[92.603935564611689,24.558097242959164],[92.546785967452067,24.58989717070417],[92.548741396733107,24.612384064314284],[92.529044327429062,24.632870757378637],[92.562516544514963,24.667820589961305],[92.546256934417741,24.707959013050409],[92.567185468626107,24.74234708386274],[92.588159084655572,24.74650200851104],[92.576980515018562,24.759682501747029],[92.601533683381632,24.790841884204529],[92.580228534463131,24.822175173527381],[92.596795526864852,24.824091518475186],[92.591100959417744,24.848309166896517],[92.611952049334889,24.865917183118967]]}},
{"type":"Feature","properties":{"objectid":7656,"rivname":"Ganga","rilcode":"1","origin":"Gangotri Glaciers, After Confluence Of Bhagirathi And Alaknanda","major_trib":"Yamuna, Ramganga, Ghaghara, Gomti, Sone, Tons, Gandak, Kosi, Punpun, Mahananda, Mayurakshi, Damodar, Ajay","bacode":"2A","ba_name":"Ganga","sub_basin":null,"shape_Leng":3095781.6225299998},"geometry":{"type":"MultiLineString","coordinates":[[[88.037012624648284,24.645420306183105],[88.126790746782248,24.588879175916727],[88.1433364342858,24.556482584181147],[88.15779448502245,24.639982866685617],[88.037012624648284,24.645420306183105]],[[87.938717905418883,24.929581246629475],[87.918761508961666,24.858117703589958],[87.954990666757467,24.759869604049459],[87.94511013144529,24.703034388163239],[87.989676659231151,24.649201039157088],[88.037012624648284,24.645420306183105]],[[82.50236316495976,25.173009820948185],[82.499839049895584,25.209790185035832],[82.453533875333491,25.221685166288026]],[[82.50236316495976,25.173009820948185],[82.582975540884561,25.159028569935717],[82.593814331334329,25.180987579819714],[82.566115634143557,25.19854551057341],[82.558603291357159,25.223791816291396],[82.628651733275376,25.232006469262654],[82.758933155624902,25.13598439548392],[82.822956554880491,25.113480072907695],[82.866530570838549,25.118309704262867],[82.91170272614022,25.200862543985615],[83.016263142802146,25.215349742074412],[83.029553903131173,25.239916533071867],[83.009184942170805,25.298006641676359],[83.020164748155153,25.316776076740286],[83.0582528094873,25.330953480820746],[83.13785563764543,25.32115905177951],[83.168739028351453,25.34811600034886],[83.183155363091402,25.414495512871135],[83.129158933116827,25.457799301611278],[83.192815623700596,25.535999551352088],[83.278664300511593,25.508244797938605],[83.327874826040798,25.462392447093201],[83.40359397323472,25.494849603376409],[83.477458313732882,25.423907785272704],[83.543980201044889,25.394514640690918],[83.548610810316802,25.428210839014575],[83.515851253178269,25.468416295570481],[83.535090203882262,25.526950134187317],[83.657879748730053,25.616047158582685],[83.740971278982286,25.594611985526335],[83.810481595528174,25.507910210095368],[83.895367163692782,25.520934553081545],[83.921647798058657,25.555886207960548],[84.005571633794005,25.601193949509348]],[[82.453533875333491,25.221685166288026],[82.470264291724334,25.177401448839905],[82.50236316495976,25.173009820948185]],[[87.841946575303396,25.082545653498908],[87.95311343605961,25.017542110232046],[87.938717905418883,24.929581246629475]],[[87.803715180530006,25.162352586642196],[87.807143064499243,25.095681466333126],[87.841946575303396,25.082545653498908]],[[82.055095250511258,25.348839072985754],[82.073325909503041,25.337763593922194],[82.08066441071783,25.286878046506377],[82.097483958881966,25.272741776492303],[82.162165676014311,25.315229698637303],[82.213731956791776,25.29905875247178],[82.221071071938269,25.269325888992167],[82.196806410001187,25.201359002199865],[82.220409740753539,25.177893949922574],[82.280934354590457,25.187506529772278],[82.278559420096244,25.202260974604727],[82.232310137877008,25.221141526956014],[82.276132133636324,25.272644834583424],[82.310634614244933,25.260985461077016],[82.331517899944799,25.209444655153188],[82.360762539577578,25.21085466666403],[82.391698702521865,25.260444463417102],[82.453533875333491,25.221685166288026]],[[87.77368252880072,25.188497547515148],[87.79423450262901,25.080033576806965],[87.909156632115668,25.012856299245083],[87.938717905418883,24.929581246629475]],[[87.77368252880072,25.188497547515148],[87.803715180530006,25.162352586642196]],[[86.063180277645912,25.270721471973822],[86.116549142948855,25.27640483924224]],[[86.063180277645912,25.270721471973822],[86.096617465363764,25.281683878777311],[86.116549142948855,25.27640483924224]],[[81.919603867445701,25.380160183804449],[81.925505166567874,25.341962696094431],[81.965285407451489,25.322451020080617],[82.055095250511258,25.348839072985754]],[[81.919603867445701,25.380160183804449],[81.98095045031404,25.351635551194885],[82.026996615679394,25.360900322086334],[82.055095250511258,25.348839072985754]],[[86.618165875067007,25.255300464614692],[86.680849276983423,25.243990742798456],[86.749409210689166,25.264201063523782]],[[86.116549142948855,25.27640483924224],[86.184296713949621,25.310080462056785]],[[86.611955533616836,25.258642903482833],[86.618165875067007,25.255300464614692]],[[86.604932165435088,25.263704634617245],[86.611955533616836,25.258642903482833]],[[87.817251375437181,25.207423241555052],[87.803715180530006,25.162352586642196]],[[87.817251375437181,25.207423241555052],[87.872486884541331,25.201356264388366],[87.88428631282784,25.183824910333652],[87.891357735758817,25.118620942381735],[87.841946575303396,25.082545653498908]],[[86.61474844235029,25.269045471777929],[86.611955533616836,25.258642903482833]],[[86.61474844235029,25.269045471777929],[86.618165875067007,25.255300464614692]],[[86.749409210689166,25.264201063523782],[86.768599007304445,25.274867726831065]],[[86.749409210689166,25.264201063523782],[86.767907200436213,25.253368547713404],[86.821934053819135,25.26451779799854],[86.865145081026242,25.296709070486902]],[[86.731313579162517,25.270789409123459],[86.753774272024827,25.275901585176321]],[[86.768599007304445,25.274867726831065],[86.791213979925374,25.298067948746805]],[[86.753774272024827,25.275901585176321],[86.768599007304445,25.274867726831065]],[[86.753774272024827,25.275901585176321],[86.785331834554498,25.314920552889983],[86.836181623584679,25.334264059574625],[86.830071698156843,25.379805386302348],[86.866077462644014,25.395321015355091],[86.895851884336594,25.388396062594609],[86.947641176040776,25.342450383541156]],[[86.602587827630458,25.28842763932419],[86.604932165435088,25.263704634617245]],[[86.602587827630458,25.28842763932419],[86.61474844235029,25.269045471777929]],[[86.053273478052418,25.311340680236409],[86.064989382381086,25.309884558664244],[86.094663574863176,25.315677975245066]],[[86.053273478052418,25.311340680236409],[86.124463042266228,25.352210752230082]],[[86.602054407782106,25.290249268353342],[86.602587827630458,25.28842763932419]],[[86.602054407782106,25.290249268353342],[86.622897373952043,25.297224179606207],[86.673318190755182,25.261815611660161],[86.731313579162517,25.270789409123459]],[[87.03114472903421,25.273516388713603],[87.064570964894315,25.260499625144892],[87.111118770079173,25.276888317798534]],[[87.03114472903421,25.273516388713603],[87.048099869488667,25.290209687379132]],[[86.184296713949621,25.310080462056785],[86.211360146404914,25.310546204913269]],[[86.184296713949621,25.310080462056785],[86.225076658317334,25.327022532111524]],[[87.190349671507363,25.267537491616721],[87.210572959777295,25.259034842323807],[87.232128994418147,25.272269935338493],[87.257711742449899,25.322377802305958]],[[86.211360146404914,25.310546204913269],[86.336595618454098,25.297810331206403],[86.351089257942249,25.308933073703557]],[[86.211360146404914,25.310546204913269],[86.2266937097951,25.327022536696603]],[[86.094663574863176,25.315677975245066],[86.126794940895778,25.309163792534893],[86.186267073978158,25.331837886059478]],[[86.094663574863176,25.315677975245066],[86.145204828565923,25.341146649956656]],[[86.351089257942249,25.308933073703557],[86.377884732017222,25.310232016354629]],[[87.111118770079173,25.276888317798534],[87.153571949420495,25.283811573296997],[87.190349671507363,25.267537491616721]],[[87.111118770079173,25.276888317798534],[87.122931623144609,25.291306441816698]],[[86.377884732017222,25.310232016354629],[86.40427501475925,25.326127359656443]],[[86.377884732017222,25.310232016354629],[86.409004495854589,25.306621704201497],[86.444067692073418,25.321256020599968],[86.459994674804804,25.344543386785041],[86.46367625592282,25.364318106676009],[86.460687420967844,25.376453551562289]],[[86.026029729265161,25.324657618425039],[86.037314065358274,25.274339321005669],[86.063180277645912,25.270721471973822]],[[86.026029729265161,25.324657618425039],[86.053273478052418,25.311340680236409]],[[86.327525451651667,25.317079657463928],[86.351089257942249,25.308933073703557]],[[86.327525451651667,25.317079657463928],[86.40427501475925,25.326127359656443]],[[86.791213979925374,25.298067948746805],[86.816783100136348,25.285821736311178],[86.865145081026242,25.296709070486902]],[[86.791213979925374,25.298067948746805],[86.836381737505178,25.315219540849391],[86.859548994904443,25.304564785182578]],[[86.865145081026242,25.296709070486902],[86.871515491219071,25.297811286140806]],[[86.589707625302395,25.309088785334431],[86.602054407782106,25.290249268353342]],[[86.871515491219071,25.297811286140806],[86.8896624864134,25.301059153556089]],[[87.048099869488667,25.290209687379132],[87.056940841221305,25.303540408312649],[87.122931623144609,25.291306441816698]],[[86.225076658317334,25.327022532111524],[86.2266937097951,25.327022536696603]],[[86.2266937097951,25.327022536696603],[86.267106167603885,25.339742920308375]],[[87.713191766137854,25.261388232961821],[87.682375226580675,25.243538596823829],[87.581298124511989,25.277703558918585]],[[87.713191766137854,25.261388232961821],[87.780311199938311,25.274210887591828]],[[86.8896624864134,25.301059153556089],[86.911056902477398,25.303171836058048]],[[87.122931623144609,25.291306441816698],[87.138024790052299,25.312139579559119],[87.165202280174071,25.31370409316694]],[[86.186267073978158,25.331837886059478],[86.225076658317334,25.327022532111524]],[[86.885094607533958,25.303395657542278],[86.8896624864134,25.301059153556089]],[[86.885094607533958,25.303395657542278],[86.903856294381086,25.31414688677982],[86.925556020644692,25.304122460226584]],[[86.859548994904443,25.304564785182578],[86.871515491219071,25.297811286140806]],[[86.859548994904443,25.304564785182578],[86.885094607533958,25.303395657542278]],[[86.911056902477398,25.303171836058048],[86.899215032948788,25.294917931276533],[86.956799765804689,25.261978426989334],[87.03114472903421,25.273516388713603]],[[86.911056902477398,25.303171836058048],[86.913723636715986,25.302729769376924],[86.925556020644692,25.304122460226584]],[[86.40427501475925,25.326127359656443],[86.442993166471723,25.342438537154688],[86.460687420967844,25.376453551562289]],[[86.925556020644692,25.304122460226584],[86.960624692157822,25.32363911677902]],[[86.570336676040043,25.322284641634159],[86.604932165435088,25.263704634617245]],[[86.570336676040043,25.322284641634159],[86.589707625302395,25.309088785334431]],[[86.14870529033108,25.339766333762839],[86.186267073978158,25.331837886059478]],[[86.14870529033108,25.339766333762839],[86.172630951266541,25.352630198048249]],[[86.283236760180131,25.335307893005542],[86.327525451651667,25.317079657463928]],[[86.283236760180131,25.335307893005542],[86.302677692854232,25.369289986365512],[86.361072879366532,25.335981817429094],[86.427503789535109,25.407230757729273],[86.465522871486073,25.41192283285919]],[[86.145204828565923,25.341146649956656],[86.14870529033108,25.339766333762839]],[[87.581298124511989,25.277703558918585],[87.473590887874593,25.282923745380277],[87.410278108416534,25.343645234352117],[87.417943089601749,25.362772433562949],[87.404777035063205,25.384712072133649],[87.416471310846021,25.396481339487213]],[[87.581298124511989,25.277703558918585],[87.531567591841437,25.31348691122264],[87.506314071885242,25.358893572362756],[87.455035441534136,25.374986456883295],[87.470463773354126,25.406541636747274]],[[87.026922024796704,25.304311276559911],[87.048099869488667,25.290209687379132]],[[87.026922024796704,25.304311276559911],[87.030376061919412,25.303936594538005],[87.058798020323351,25.330049308035079],[87.072487350709892,25.349628482233296],[87.08900793724797,25.359760847779565]],[[87.010738418129691,25.305763370156839],[87.03114472903421,25.273516388713603]],[[87.010738418129691,25.305763370156839],[87.026922024796704,25.304311276559911]],[[86.267106167603885,25.339742920308375],[86.283236760180131,25.335307893005542]],[[87.780311199938311,25.274210887591828],[87.764252579650829,25.249718997898803],[87.77368252880072,25.188497547515148]],[[87.780311199938311,25.274210887591828],[87.823430059903203,25.246636410896741],[87.817251375437181,25.207423241555052]],[[86.124463042266228,25.352210752230082],[86.145204828565923,25.341146649956656]],[[86.124463042266228,25.352210752230082],[86.136070418791533,25.36289869900402],[86.172630951266541,25.352630198048249]],[[86.172630951266541,25.352630198048249],[86.267106167603885,25.339742920308375]],[[87.165202280174071,25.31370409316694],[87.190349671507363,25.267537491616721]],[[86.960624692157822,25.32363911677902],[86.984045716663601,25.326424726108755]],[[86.960624692157822,25.32363911677902],[86.966992330764995,25.333395077508762]],[[86.583959721005229,25.342844101207966],[86.589707625302395,25.309088785334431]],[[86.984045716663601,25.326424726108755],[87.010738418129691,25.305763370156839]],[[86.576544001046727,25.347800351771223],[86.570336676040043,25.322284641634159]],[[86.576544001046727,25.347800351771223],[86.583959721005229,25.342844101207966]],[[86.966992330764995,25.333395077508762],[86.984045716663601,25.326424726108755]],[[85.999492763541255,25.374837264255437],[86.026029729265161,25.324657618425039]],[[87.257711742449899,25.322377802305958],[87.254441274930301,25.334258006736242]],[[87.257711742449899,25.322377802305958],[87.255857871747466,25.32911240766666],[87.254441274930301,25.334258006736242]],[[86.947641176040776,25.342450383541156],[86.966992330764995,25.333395077508762]],[[86.947641176040776,25.342450383541156],[87.054730487548497,25.365787474312636],[87.08900793724797,25.359760847779565]],[[87.254441274930301,25.334258006736242],[87.253304569169956,25.342596086391683]],[[81.735131431590602,25.497003954774875],[81.642572433917294,25.526539659318008],[81.651172112407693,25.569201512406011],[81.631004150325055,25.593831030309772],[81.561661076762377,25.570990881057334],[81.518833237486945,25.621902037786001],[81.448895020146992,25.613178493739753],[81.433788389786741,25.663615904032334],[81.370111746071473,25.698225761821679],[81.399604713435522,25.740689608522519],[81.396353231081292,25.767157611281345],[81.359275200114027,25.774456608308217],[81.34438850780279,25.810437563770023],[81.221149967860441,25.863921444626776],[81.211129335377279,25.942233322812015],[81.105898204144779,25.974051310952298],[81.016520438907364,26.073654120717325],[80.952587659668481,26.055016872686995],[80.873691461598625,26.056641243748654],[80.832963796394665,26.018670940890953],[80.757497444196545,26.077673902471737],[80.716580915083455,26.078072735976409]],[[81.836852449673003,25.498256632701654],[81.761224811135975,25.466605716102674],[81.743986103184028,25.470733789649803],[81.735131431590602,25.497003954774875]],[[81.836852449673003,25.498256632701654],[81.800643008214067,25.503654857673389],[81.758658653810301,25.479380448384731],[81.735131431590602,25.497003954774875]],[[81.836852449673003,25.498256632701654],[81.837174893217835,25.49819577253357],[81.839226154313167,25.498539133179612],[81.858379479149264,25.505174141766336],[81.875458089196144,25.505635004122819],[81.890646168840476,25.493087706761223],[81.887648337129917,25.422984582298891],[81.919603867445701,25.380160183804449]],[[86.460687420967844,25.376453551562289],[86.470623997392124,25.411562534941002]],[[86.562518989585641,25.37271792071434],[86.576544001046727,25.347800351771223]],[[87.253304569169956,25.342596086391683],[87.253585702344708,25.412009006154506],[87.28757662994802,25.441624868481284],[87.392681491730656,25.458476789467117],[87.467341842434692,25.407612367725758]],[[85.931963298679023,25.401646967375914],[85.999492763541255,25.374837264255437]],[[85.973155113721702,25.402659315098671],[85.999492763541255,25.374837264255437]],[[87.08900793724797,25.359760847779565],[87.149679970687927,25.335390345070692],[87.165202280174071,25.31370409316694]],[[86.544086678604543,25.38467994022405],[86.562518989585641,25.37271792071434]],[[87.409111040740143,25.3465901736283],[87.382827997594404,25.352063354754755],[87.376938164186924,25.327343863921335],[87.367645139155442,25.359132317635336],[87.314712722084494,25.364718648217981]],[[86.594045779791074,25.392038113103354],[86.57810142622165,25.36649796099832],[86.583959721005229,25.342844101207966]],[[86.594045779791074,25.392038113103354],[86.60796348464261,25.381085764577193],[86.607208160302349,25.337978828861313],[86.689906030183508,25.319494044587618],[86.731313579162517,25.270789409123459]],[[86.516668005670482,25.395698985136374],[86.544086678604543,25.38467994022405]],[[86.516668005670482,25.395698985136374],[86.52732031424172,25.400464775641659],[86.544086678604543,25.38467994022405]],[[87.314712722084494,25.364718648217981],[87.253304569169956,25.342596086391683]],[[86.470623997392124,25.411562534941002],[86.516668005670482,25.395698985136374]],[[86.465522871486073,25.41192283285919],[86.470623997392124,25.411562534941002]],[[86.465522871486073,25.41192283285919],[86.56168742173115,25.484831828872505],[86.589208139830603,25.475400246545785],[86.6055916175372,25.449033556622069],[86.599723899938283,25.406450492988021]],[[86.599723899938283,25.406450492988021],[86.562518989585641,25.37271792071434]],[[86.599723899938283,25.406450492988021],[86.594045779791074,25.392038113103354]],[[85.900494490798962,25.443691607861361],[85.901907958198876,25.418249206141237],[85.931963298679023,25.401646967375914]],[[85.900494490798962,25.443691607861361],[85.973155113721702,25.402659315098671]],[[85.900494490798962,25.443691607861361],[85.877407867157544,25.471960944170217],[85.90871307561936,25.467938408310619]],[[85.54547361882824,25.463688808394668],[85.628834356810898,25.466916511728865]],[[85.54547361882824,25.463688808394668],[85.560341319211503,25.482290793478548]],[[85.529041634977048,25.465472896607775],[85.54547361882824,25.463688808394668]],[[85.628834356810898,25.466916511728865],[85.692245747753034,25.467036821039155],[85.710658473177659,25.493813414940213]],[[87.416471310846021,25.396481339487213],[87.366047586557073,25.403096161569376],[87.314712722084494,25.364718648217981]],[[85.90871307561936,25.467938408310619],[85.973155113721702,25.402659315098671]],[[85.560341319211503,25.482290793478548],[85.628834356810898,25.466916511728865]],[[85.560341319211503,25.482290793478548],[85.565189060219311,25.492512793751711]],[[85.469783786706486,25.487794602499264],[85.529041634977048,25.465472896607775]],[[85.469783786706486,25.487794602499264],[85.482020008997807,25.487197127214493],[85.491565561830569,25.492986243268106],[85.516657880827339,25.491414036309266],[85.529041634977048,25.465472896607775]],[[87.470463773354126,25.406541636747274],[87.591816339952061,25.381407508877288],[87.639825735924319,25.279156065262583],[87.672238500770305,25.257847014661472],[87.713191766137854,25.261388232961821]],[[87.467341842434692,25.407612367725758],[87.416471310846021,25.396481339487213]],[[87.467341842434692,25.407612367725758],[87.470463773354126,25.406541636747274]],[[85.626838920946156,25.485699076262875],[85.650176494710877,25.485162312833904]],[[85.650176494710877,25.485162312833904],[85.672661177138068,25.475157028661769],[85.70385627682667,25.488974814424957]],[[85.650176494710877,25.485162312833904],[85.664222232015064,25.495012483880288]],[[85.565189060219311,25.492512793751711],[85.577040330694061,25.504928658033513]],[[85.70385627682667,25.488974814424957],[85.710658473177659,25.493813414940213]],[[85.598690763621121,25.49599815071182],[85.626838920946156,25.485699076262875]],[[85.664222232015064,25.495012483880288],[85.687938709377235,25.502849146435231],[85.70385627682667,25.488974814424957]],[[85.664222232015064,25.495012483880288],[85.679985851571686,25.513335003636595]],[[85.710658473177659,25.493813414940213],[85.737084140553577,25.510683857989193]],[[85.501828236774045,25.505153747082215],[85.537098323317352,25.484679890188168],[85.565189060219311,25.492512793751711]],[[85.354717470610751,25.511200523557154],[85.423973361167143,25.512802050649796]],[[85.354717470610751,25.511200523557154],[85.399474480901915,25.525372671377543],[85.423973361167143,25.512802050649796]],[[85.598048092592492,25.503262556309526],[85.598690763621121,25.49599815071182]],[[85.598048092592492,25.503262556309526],[85.626838920946156,25.485699076262875]],[[85.577040330694061,25.504928658033513],[85.598690763621121,25.49599815071182]],[[85.423973361167143,25.512802050649796],[85.442102898928084,25.491067807951413],[85.469783786706486,25.487794602499264]],[[85.299736740109253,25.52043696162335],[85.354717470610751,25.511200523557154]],[[85.778840054077676,25.507748972805736],[85.834024388796067,25.484720011831858],[85.887591208856222,25.414935989992376],[85.931963298679023,25.401646967375914]],[[85.778840054077676,25.507748972805736],[85.791967545055144,25.519613290744807]],[[85.886138703232277,25.504793776645872],[85.898912542516882,25.506027234617676]],[[85.737084140553577,25.510683857989193],[85.761616637323399,25.512832148790896]],[[85.679985851571686,25.513335003636595],[85.737084140553577,25.510683857989193]],[[85.679985851571686,25.513335003636595],[85.748581174804698,25.553366944868149],[85.792700626284812,25.554022555087069],[85.814324194718054,25.52940853041455]],[[85.592454071224708,25.517050602904106],[85.598048092592492,25.503262556309526]],[[85.898912542516882,25.506027234617676],[85.90871307561936,25.467938408310619]],[[85.761616637323399,25.512832148790896],[85.778840054077676,25.507748972805736]],[[85.761616637323399,25.512832148790896],[85.768087840033843,25.514229512783995]],[[85.883218855484444,25.509706407093923],[85.886138703232277,25.504793776645872]],[[85.883218855484444,25.509706407093923],[85.890749900393573,25.512719371085662]],[[85.768087840033843,25.514229512783995],[85.791967545055144,25.519613290744807]],[[85.768087840033843,25.514229512783995],[85.814324194718054,25.52940853041455]],[[85.890749900393573,25.512719371085662],[85.898912542516882,25.506027234617676]],[[85.290581842646759,25.534579668264499],[85.299736740109253,25.52043696162335]],[[85.290581842646759,25.534579668264499],[85.297344137023444,25.529063578740338],[85.299736740109253,25.52043696162335]],[[85.791967545055144,25.519613290744807],[85.814169946455053,25.520610788775127]],[[85.860761413798684,25.51717198393845],[85.886138703232277,25.504793776645872]],[[85.860761413798684,25.51717198393845],[85.871251891751427,25.516987698640179]],[[85.871251891751427,25.516987698640179],[85.883218855484444,25.509706407093923]],[[85.871251891751427,25.516987698640179],[85.890749900393573,25.512719371085662]],[[85.490105576360335,25.531635473886947],[85.501828236774045,25.505153747082215]],[[85.490105576360335,25.531635473886947],[85.497957130179415,25.523304937772174],[85.501828236774045,25.505153747082215]],[[85.814169946455053,25.520610788775127],[85.844680829034672,25.52180420448353]],[[85.814169946455053,25.520610788775127],[85.823229935204921,25.527657711504993]],[[85.844680829034672,25.52180420448353],[85.860761413798684,25.51717198393845]],[[85.823229935204921,25.527657711504993],[85.844680829034672,25.52180420448353]],[[85.814324194718054,25.52940853041455],[85.823229935204921,25.527657711504993]],[[85.581190173084792,25.540154060034677],[85.592454071224708,25.517050602904106]],[[85.581190173084792,25.540154060034677],[85.593658653635188,25.527399336138938],[85.592454071224708,25.517050602904106]],[[84.005571633794005,25.601193949509348],[84.076622903989048,25.6460804240652],[84.080264875722193,25.69115472209765]],[[84.005571633794005,25.601193949509348],[84.043152335749213,25.691603561728694],[84.080264875722193,25.69115472209765]],[[85.269639385287419,25.565943896461249],[85.290581842646759,25.534579668264499]],[[85.270947266186752,25.571074241926127],[85.269639385287419,25.565943896461249]],[[85.270947266186752,25.571074241926127],[85.300222311189671,25.558641054081647],[85.372819397903115,25.595835426558651],[85.432564470903628,25.562458768732292],[85.45923275932671,25.568224885877413]],[[85.45923275932671,25.568224885877413],[85.481014787024804,25.562817171071597],[85.490105576360335,25.531635473886947]],[[85.45923275932671,25.568224885877413],[85.476651235281466,25.585763489687601],[85.496352132290397,25.578675971079267]],[[85.496352132290397,25.578675971079267],[85.492365529813995,25.548596171260908],[85.511959566795298,25.557269666386819],[85.577040330694061,25.504928658033513]],[[85.496352132290397,25.578675971079267],[85.559178775268379,25.573029982424814],[85.581190173084792,25.540154060034677]],[[85.257975151607241,25.591510273255132],[85.270947266186752,25.571074241926127]],[[85.257975151607241,25.591510273255132],[85.317093822727458,25.583994356956687],[85.372500759589798,25.595974320607262],[85.324456133806933,25.628536697808194]],[[85.255691967753592,25.592994768320107],[85.269639385287419,25.565943896461249]],[[85.255691967753592,25.592994768320107],[85.257975151607241,25.591510273255132]],[[85.237104601222924,25.6080626882252],[85.255691967753592,25.592994768320107]],[[85.237104601222924,25.6080626882252],[85.324456133806933,25.628536697808194]],[[85.210992487020462,25.613158592637323],[85.237104601222924,25.6080626882252]],[[85.210992487020462,25.613158592637323],[85.277494381065708,25.649334961883053],[85.324456133806933,25.628536697808194]],[[85.055738364567929,25.64535813036084],[85.068860052305951,25.650786663624139]],[[85.068860052305951,25.650786663624139],[85.210992487020462,25.613158592637323]],[[85.068860052305951,25.650786663624139],[85.130095638672728,25.671335848901833]],[[84.080264875722193,25.69115472209765],[84.089359949540551,25.709041512977471]],[[84.976916235412304,25.66865568636554],[85.00852848702155,25.641329748571479],[85.055738364567929,25.64535813036084]],[[84.976916235412304,25.66865568636554],[84.986113871866465,25.668391005926182],[85.023555441181898,25.673018615337742],[85.030076163882953,25.671756541829584],[85.055738364567929,25.64535813036084]],[[84.899222543422084,25.673181133356824],[84.976916235412304,25.66865568636554]],[[85.130095638672728,25.671335848901833],[85.194138051880188,25.640835981275149],[85.210992487020462,25.613158592637323]],[[84.27266605094951,25.703812238291182],[84.34522266556634,25.718045532771125],[84.374291208462012,25.771709975914376],[84.393822493954872,25.774469447365643],[84.427268293382781,25.722195414356857],[84.465317411518697,25.709097062730368],[84.516050735718522,25.661911257942702],[84.544422952513713,25.659817756604607],[84.634974996652304,25.74207655906406],[84.662972411143727,25.738768211305818]],[[84.089359949540551,25.709041512977471],[84.137162183508394,25.724987339310967],[84.171173812598624,25.711277832606566],[84.208149184959495,25.718720632306319]],[[84.089359949540551,25.709041512977471],[84.128071674067513,25.73073565658979],[84.208149184959495,25.718720632306319]],[[84.208149184959495,25.718720632306319],[84.241005690650979,25.695946300713757],[84.27266605094951,25.703812238291182]],[[84.136513214131156,25.733270007759845],[84.155810054095554,25.752414395937421],[84.184260649291645,25.753365185782549],[84.27266605094951,25.703812238291182]],[[84.888445938828156,25.71340721210025],[84.899222543422084,25.673181133356824]],[[84.888445938828156,25.71340721210025],[84.895212224993315,25.712933848215837],[84.907291178679074,25.717227855092194],[84.945497956226419,25.74313949923495],[84.989015878042167,25.71656285945943],[85.007651290318705,25.722280543326896]],[[84.869048839590533,25.718241649880113],[84.873736688529178,25.693124909615552],[84.899222543422084,25.673181133356824]],[[84.869048839590533,25.718241649880113],[84.888445938828156,25.71340721210025]],[[84.759895846871871,25.727979574843904],[84.80385996826746,25.738787178869334]],[[85.007651290318705,25.722280543326896],[85.053922170523435,25.721857011233588],[85.068957559975829,25.751398373475922]],[[85.007651290318705,25.722280543326896],[85.025333754059019,25.745363042213963],[85.068957559975829,25.751398373475922]],[[84.662972411143727,25.738768211305818],[84.712979722370619,25.679434166018606],[84.759895846871871,25.727979574843904]],[[84.662972411143727,25.738768211305818],[84.670805369395936,25.739593092647024],[84.696727411155123,25.736842866570001],[84.719847633032856,25.738042867317926],[84.759895846871871,25.727979574843904]],[[84.816611222593778,25.735131252598027],[84.869048839590533,25.718241649880113]],[[84.816055043228303,25.735473502080275],[84.816611222593778,25.735131252598027]],[[84.816055043228303,25.735473502080275],[84.81648118864446,25.7352702556623],[84.816611222593778,25.735131252598027]],[[84.80385996826746,25.738787178869334],[84.803906487830702,25.738786255501271]],[[84.80385996826746,25.738787178869334],[84.803893494642011,25.738776974954565],[84.803906487830702,25.738786255501271]],[[84.803906487830702,25.738786255501271],[84.816055043228303,25.735473502080275]],[[85.068957559975829,25.751398373475922],[85.109672163976512,25.743184232054766],[85.10834604446444,25.695174489277491],[85.130095638672728,25.671335848901833]],[[80.66191669848763,26.137214720935095],[80.665011417135446,26.109489463121506],[80.674456520503199,26.101085115700773],[80.716580915083455,26.078072735976409]],[[80.66191669848763,26.137214720935095],[80.71449576911192,26.108024740878605],[80.716580915083455,26.078072735976409]],[[80.545558006623097,26.302871990157044],[80.575233300238736,26.275236789673418],[80.598124569302755,26.207492488698922],[80.645462409928953,26.184104541650456],[80.66191669848763,26.137214720935095]],[[80.545558006623097,26.302871990157044],[80.553294705037487,26.334051627438534],[80.539562919661122,26.367325225190474],[80.473288442856315,26.39997209428785]],[[80.473288442856315,26.39997209428785],[80.54034071959498,26.33221526079026],[80.545558006623097,26.302871990157044]],[[80.289259009284535,26.598933447585537],[80.312995171040754,26.513202425160738],[80.367739236683462,26.482643696037613],[80.426826035719643,26.419487132352462],[80.473288442856315,26.39997209428785]],[[80.267625285560825,26.655928759215438],[80.274319243168108,26.61641243929045],[80.277563300183999,26.609536326204402],[80.289259009284535,26.598933447585537]],[[80.245415455650715,26.690210539006983],[80.267625285560825,26.655928759215438]],[[80.245415455650715,26.690210539006983],[80.247536974608877,26.691256196305464]],[[80.239418134256113,26.690975807448165],[80.245415455650715,26.690210539006983]],[[80.247536974608877,26.691256196305464],[80.271091209457239,26.687714189199081],[80.267625285560825,26.655928759215438]],[[80.247536974608877,26.691256196305464],[80.272130819212961,26.69783813005736],[80.299017741853163,26.680204320256802],[80.289259009284535,26.598933447585537]],[[80.147627113396979,26.773422133354469],[80.140312417640985,26.736695010720798],[80.181493516113406,26.693352246747384],[80.219143028729036,26.686270759563996],[80.239418134256113,26.690975807448165]],[[80.148302102599743,26.781123611926436],[80.147627113396979,26.773422133354469]],[[80.148302102599743,26.781123611926436],[80.155097024794955,26.78115868959059],[80.159233726941096,26.780163430128955],[80.16953039787839,26.763533579123823],[80.178473733230618,26.728300752360568],[80.204245653549179,26.72788854713605],[80.218690122447228,26.694413449267792],[80.239418134256113,26.690975807448165]],[[80.148302102599743,26.781123611926436],[80.131957070363512,26.825104908606672],[80.158090777926532,26.84467368455142],[80.117646592262787,26.875197360068487]],[[80.117646592262787,26.875197360068487],[80.121951283041,26.793774123060938],[80.147627113396979,26.773422133354469]],[[80.100302144383406,26.882429100651482],[80.117646592262787,26.875197360068487]],[[80.044598590781277,26.924744856918082],[80.100302144383406,26.882429100651482]],[[80.044598590781277,26.924744856918082],[80.060633223739401,26.926362750733844],[80.091506681730181,26.910925843661385],[80.100302144383406,26.882429100651482]],[[79.979006303011474,27.017774978157323],[80.044598590781277,26.924744856918082]],[[79.979006303011474,27.017774978157323],[79.958825461004594,27.030632826787691],[79.942407403863896,27.068480625243254],[79.939591406124563,27.089054188668193],[79.959836436763538,27.093492646520524],[79.903449756335277,27.145634912207264]],[[79.994804850332699,27.046383813470001],[79.979006303011474,27.017774978157323]],[[80.005405563000494,27.089249731090511],[80.006734809328833,27.050889968572324],[79.994804850332699,27.046383813470001]],[[80.005844482006211,27.090053503158213],[79.983427153965835,27.125166157739933],[79.991445369119162,27.095777150731621],[79.979923300886227,27.090487738400309]],[[79.979923300886227,27.090487738400309],[79.994804850332699,27.046383813470001]],[[79.933082658161254,27.144519782283275],[79.979923300886227,27.090487738400309]],[[79.933082658161254,27.144519782283275],[79.92274565961003,27.151616665775013],[79.90974267702795,27.146977705438651]],[[79.903449756335277,27.145634912207264],[79.90974267702795,27.146977705438651]],[[79.90974267702795,27.146977705438651],[79.933082658161254,27.144519782283275]],[[78.597426983468083,30.145455810237774],[78.600674310638638,30.127224596367284],[78.579189503181311,30.10392650375929],[78.592382456295013,30.086995909430197],[78.582297684281386,30.072794429209154],[78.602225479301254,30.068027074450757],[78.587450115477466,30.052495919434055],[78.532393587642886,30.075790953438446],[78.511189175983986,30.055158118019126],[78.499256519127385,30.075411962255664],[78.481673047558829,30.055602817244839],[78.45204542120166,30.068264989067266],[78.433708675205523,30.081750777322366],[78.438614047248848,30.111942785437581],[78.402993468306747,30.137659457976529],[78.376107018391011,30.117357682976667],[78.332390977836326,30.133952762570647],[78.291591513846953,30.100071289071721],[78.272450711016717,30.040173867256367],[78.19936732084382,29.990139473294768],[78.140472018288364,29.891417800286135],[78.14478417574685,29.860318522268585],[78.167576750646489,29.84795456501303],[78.213948434246007,29.757424866377121],[78.167627155148537,29.693860964427401],[78.161648217101529,29.662154840412402],[78.110852033108713,29.647962095191453],[78.077438545962181,29.617363869877153],[78.05419895476912,29.551979368893615],[78.060964251031578,29.489565061366662],[78.044543035199681,29.466610967072032],[78.062332725160005,29.449612117365916],[78.03850002483729,29.41874071420985],[78.05011206580059,29.38464682462806],[78.030459350287543,29.355846632697556],[78.046323481232008,29.332181160680584],[78.061543547214782,29.340655472444929],[78.075480142040604,29.340666266161914],[78.0891813005057,29.309719459914046],[78.079956327247103,29.269985679570421],[78.105728470867433,29.179628271258164],[78.053217579063002,29.143789845185864],[78.067183743079511,29.100720459657524],[78.043464174227879,29.071113668194435],[78.070449426018001,29.067807614415504],[78.088249225335488,29.043343053781228],[78.056957741439021,29.009419727900944],[78.060518511103297,28.972207957062608],[78.114492143351768,28.944488417886486],[78.099465916980222,28.890187283997992],[78.144536430446323,28.868553204189894],[78.15674844766086,28.842572209283404],[78.137825536939332,28.792965857674147],[78.144008352600366,28.741076991449773],[78.189138901212942,28.690162350158587],[78.205973143364872,28.516291048202326],[78.281718995911945,28.460032690553678],[78.295796974795181,28.402819563123462],[78.270282024530161,28.361879168840431],[78.275197063530655,28.335953852577468],[78.314797655108379,28.303284163053831],[78.311547993598396,28.274346263756737],[78.354325411108576,28.272472202062264],[78.400992295114989,28.179702348755047],[78.432110692618394,28.163498405333389],[78.461239241405423,28.115997654238654],[78.623962403730999,27.993399362732855],[78.656647719959338,27.979342610825963],[78.713921706648108,27.992116170197058],[78.72843848314885,27.976936605263685],[78.750811126446393,27.990283306120872],[78.801433515957243,27.962624660567236],[78.837380702329995,27.967395885067397],[78.83414135952043,27.945946848095563],[78.880062320084065,27.915020116675503],[78.882292423488195,27.879664367716583],[78.97926805414069,27.816566484847769],[79.080463756924473,27.793346226801081],[79.103785250326879,27.804634979550869],[79.169377983223768,27.782047639613332],[79.177943912116788,27.732927834551283],[79.256882377268724,27.723182791886675],[79.266009068370906,27.703397330891416],[79.305136086430906,27.687852089263686],[79.357174421209294,27.61542353665785],[79.38091099248453,27.621570434964376],[79.405975698390094,27.58956666095165],[79.429800440080911,27.611308022154038],[79.460134577629105,27.607048935245551],[79.462076798065738,27.560963395492852],[79.503793785600408,27.549258790991725],[79.538038356520389,27.514168038169952],[79.60949600216334,27.478811160918472],[79.623228571643608,27.408513241544135],[79.65546058641722,27.367086498208494],[79.648717350696742,27.296080795571477],[79.664659794466772,27.26541565665196],[79.689992167156973,27.259962019845492],[79.687827782534796,27.237903407372531],[79.769152524849872,27.212770301493933],[79.798966414073064,27.17408364960194],[79.832564332709595,27.177332455197352],[79.903449756335277,27.145634912207264]]]}},
{"type":"Feature","properties":{"objectid":8113,"rivname":"Ghanghas Sot","rilcode":"1","origin":null,"major_trib":null,"bacode":"2A","ba_name":"Ganga","sub_basin":"Ramganga","shape_Leng":7428.6884601600004},"geometry":{"type":"LineString","coordinates":[[78.620248520591844,29.691662562781453],[78.571205935416884,29.701251773351458]]}},
{"type":"Feature","properties":{"objectid":8460,"rivname":"Godavari","rilcode":"1","origin":"Trambakeshwar, Nashik District In Maharashtra","major_trib":"Manjra, Pranhitha, Indravati, Purna, Sabari Kolab, Pravara, Sindphana, Kinnarasani, Maner","bacode":"03","ba_name":"Godavari","sub_basin":null,"shape_Leng":1661433.99685},"geometry":{"type":"MultiLineString","coordinates":[[[82.263291835999169,16.644190165564257],[82.290217804431506,16.620342349715607]],[[82.263291835999169,16.644190165564257],[82.226030897061221,16.641437382576722],[82.190579389336946,16.602170620130742],[82.163213666142624,16.610759697629863],[82.161769248287129,16.67030800155386],[82.127546447408477,16.707877264573678]],[[82.263291835999169,16.644190165564257],[82.256195929113417,16.710547613250238]],[[82.127546447408477,16.707877264573678],[82.173505834457629,16.72266154000873],[82.256195929113417,16.710547613250238]],[[82.256195929113417,16.710547613250238],[82.29345847823717,16.703839776821003],[82.321778993393394,16.719599085272229]],[[81.798824458270758,16.857504787044881],[81.824122686284767,16.828412749473873],[81.823510770621255,16.795194426324308],[81.859558849156713,16.788125156848643],[81.923360679517799,16.728148706990034],[82.001566037074497,16.718973483228485],[82.063449233931095,16.68172657533858],[82.0883946857967,16.709526579694469],[82.127546447408477,16.707877264573678]],[[81.761194267380077,16.953153951076086],[81.741755486031465,16.948633786406415],[81.73281314873077,16.916863859245996],[81.76310617605489,16.850734865276035],[81.756037233151545,16.784491660499658],[81.795411851997187,16.745051270137267],[81.801917165844657,16.695765504438207],[81.840101929647716,16.663302456448395],[81.869218268368158,16.599866645258658],[81.870427109609594,16.552453743432594],[81.848177810777528,16.497029186005935],[81.796778309289124,16.473036638308741],[81.75723558235984,16.419056286097604],[81.711203275327236,16.441743069441404],[81.701416928071936,16.411662709587628],[81.722505128395525,16.340571977387949],[81.701626457334498,16.304956335835978]],[[81.761194267380077,16.953153951076086],[81.767476613896648,16.884790008203883],[81.798824458270758,16.857504787044881]],[[81.761410149390741,17.001810793196952],[81.761194267380077,16.953153951076086]],[[81.761410149390741,17.001810793196952],[81.781679396732926,16.978912970846686],[81.77581998986858,16.946379852531638],[81.798824458270758,16.857504787044881]],[[78.614172014478925,18.983963149333206],[78.609131389569882,18.98444211531945]],[[78.614172014478925,18.983963149333206],[78.637844617176412,18.977621688836884],[78.693764364451809,19.03393576081886]],[[78.609131389569882,18.98444211531945],[78.630956192215265,18.990822812396551]],[[78.630956192215265,18.990822812396551],[78.614172014478925,18.983963149333206]],[[78.693764364451809,19.03393576081886],[78.667745863851025,19.041222985008613],[78.630956192215265,18.990822812396551]],[[78.693764364451809,19.03393576081886],[78.756220318205024,19.008984879138122],[78.841159617489893,19.069694545359138],[78.910714311320362,19.030062146819947],[78.946872681506861,19.075101196800027],[79.023304770648622,19.074545568813004],[79.080199607782205,19.036270353050245],[79.10439684195731,18.949629458471186],[79.184096827569917,18.870383126051774],[79.308691633912701,18.816054717594437],[79.358199713615775,18.821302025548935],[79.383745628924544,18.862567823468702],[79.408248009307286,18.857249750835912],[79.472257199831404,18.825282771544504],[79.507745963045664,18.785601451043529],[79.61954778631366,18.738523963019411],[79.6803027274008,18.672074130494039],[79.809639077265047,18.704055404430601],[79.826682127479515,18.730681227178401],[79.814151995736182,18.758483695450643],[79.849098493334409,18.780107520407849],[79.851572671685844,18.79758924445245],[79.823771600551481,18.827685759195408],[79.844511807547804,18.870766260276181],[79.86746848604885,18.826667887314741],[79.911070838308802,18.826802653659804],[79.945745482805648,18.781922183019386],[80.00703394293069,18.778259823299763],[80.047264179825277,18.722281515746381],[80.067350176759362,18.725489174663227],[80.105987832441954,18.691336290570774],[80.127991438714062,18.6854371332238],[80.179500252281926,18.715809038611482],[80.220783873010205,18.695062868560985],[80.282430071641699,18.7194304915303],[80.346647023843872,18.595716813535983],[80.377964991929232,18.609362911929505],[80.40057301341821,18.57797097649841],[80.365319998794888,18.520121043205695],[80.393958937003433,18.460668683948402],[80.472607926142729,18.456874949236543],[80.447812081154169,18.372005492822403],[80.466970348315058,18.358945490385398],[80.465547310967949,18.319891820110414],[80.482584298789376,18.315416050168199],[80.49655369665264,18.26833243681812],[80.54502286732739,18.264154700793199],[80.616861209050924,18.214510958987777],[80.727547103923285,18.118926827957587],[80.761291597785387,18.041689659601847],[80.801071752255325,18.021343430406784],[80.812575149679375,17.9972372240555],[80.857176758673859,17.988969784926802],[80.881751413744908,17.967214628114753],[80.882168949083521,17.814757211891241],[80.861593772516073,17.78637058012519],[80.894495718223837,17.706614441939436],[80.879139440310752,17.649596572018993],[80.933537493393402,17.633722135197281],[80.998172903476515,17.652355078248547],[81.017793777130095,17.59801208441338],[81.112159258130873,17.621299380986514],[81.138699192299129,17.580427097324378],[81.268298587932335,17.563088493851016],[81.301409042042351,17.492093797858285],[81.358099316005891,17.501031499944549],[81.404014949106042,17.466990545918474],[81.447040059249019,17.462204102055168],[81.499782743702639,17.482069945064634],[81.532049112576445,17.439981401191414],[81.564420618316433,17.439632676946825],[81.585194592559205,17.406530331617081],[81.613271669217909,17.408501128271549],[81.61488302563545,17.3312810028707],[81.679311982044212,17.298591580499597],[81.639670758985119,17.228438093168641],[81.669745827332889,17.133256028885906],[81.719517791161351,17.091721868609746],[81.761410149390741,17.001810793196952]],[[73.524220556532015,19.914809153121023],[73.570277171343605,19.970750368160314],[73.556162230344142,20.002883722081311],[73.642718905816139,19.998933804213237],[73.672894054392586,20.03773691329047],[73.716212488748283,20.038135690407664],[73.83683053215681,19.984375470668791],[73.941763290166591,19.997285991220565],[73.964202538454145,19.969912846167571],[74.004751876387161,20.009031634647322],[73.99880290521584,20.019368397274238],[74.055134074603828,20.050936717644795],[74.070077634392575,20.022027508488758],[74.098721736781087,20.033595021212992],[74.148724157751673,20.010120736474075],[74.160606496949825,19.987130183627848],[74.272475877235053,19.961798472425503],[74.329934006597043,19.926694295153638],[74.338854855536752,19.938218196913443],[74.407964262501139,19.921877060726448],[74.415306335916355,19.892522002048821],[74.450363221001666,19.861919720345785],[74.487440126384115,19.886251809344746],[74.507112653525155,19.881746644993409],[74.55863233033358,19.832893992825859],[74.56035518330593,19.799517619685034],[74.601293024111229,19.770918379381296],[74.634651449315214,19.793216903554331],[74.692691973764042,19.755475372487741],[74.764653066532077,19.754410662952317],[74.847643054069692,19.646720426799718],[74.884337049990066,19.655015030177609],[74.887438825594614,19.639075880237485],[74.915400464792825,19.648620111950045],[74.931837795291059,19.636721692153753],[74.963664638049124,19.647653014478053],[74.998392845220863,19.624426680083921],[75.038616982626209,19.625401776897412],[75.045360268728487,19.609563272185433],[75.087760804361309,19.612695729734224],[75.135777361790929,19.590592596671684],[75.18030646070963,19.605802418557541],[75.243108055189765,19.520926087718351],[75.372429149720361,19.484380147161925],[75.381206219101543,19.459123103919534],[75.418046851865796,19.467163460146761],[75.434085722387664,19.457411830428409],[75.443539638744895,19.414381804783449],[75.468740718699962,19.416069979779813],[75.487163920759826,19.441765770125802],[75.550706199933487,19.386570387214167],[75.640524668426778,19.381545121281718],[75.687456059882905,19.355339683096588],[75.752164482882307,19.358244666917113],[75.757621688113218,19.388611533751849],[75.787971959358558,19.399600010650282],[75.840133774000847,19.370684490208951],[75.913165330201139,19.391664531695078],[75.923417198445392,19.382371011938719],[75.906396619112897,19.316913539571061],[75.936086808966905,19.293169939326955],[76.019094673420042,19.338573887857464],[76.042316924695484,19.283671143650736],[76.086148427515724,19.280570386051767],[76.103059030147321,19.308239863884221],[76.199291004897361,19.283587260410503],[76.223517572165221,19.243207509168794],[76.310834221929852,19.264490688755163],[76.364087119861921,19.232550359174809],[76.350169878560806,19.193879650116099],[76.360724462269616,19.155757234606284],[76.331509285740935,19.135878446359566],[76.324740442371834,19.104314075370542],[76.34886725178869,19.098491860785327],[76.381302455632223,19.129972778629075],[76.409612185147807,19.093574148582295],[76.435214124189002,19.097359994941037],[76.433946576219938,19.071184775277825],[76.455627728218303,19.049828402527719],[76.509986623407073,19.102856681890124],[76.576639188320442,19.110913017449946],[76.608461190184855,19.07616222360177],[76.637153859161486,19.074635841061117],[76.644356005703244,19.041962369203336],[76.625142222853555,19.016810998571597],[76.672076644327703,18.993717721262591],[76.697409252262091,18.999438172008837],[76.710473843683445,19.026304977876354],[76.739206365714011,19.021527304386566],[76.74583043202594,18.978962340094263],[76.796964873157791,19.013192667135861],[76.791104243916308,19.055674455186139],[76.831585977070105,19.039710353067694],[76.837802886334899,19.064683491686552],[76.865984159674355,19.069332147160829],[76.91664803823727,19.047027101263861],[76.979303285608495,19.082166720748475],[76.986923977571408,19.107118416367374],[77.01239951616877,19.094588941220881],[77.032389558513472,19.109071797886827],[77.058502247749132,19.09017097398343],[77.069842388522844,19.096012429433625],[77.062665473453691,19.120546658940867],[77.096329852408374,19.128163954649896],[77.103135788221962,19.096473364422952],[77.087389016272297,19.071088444978731],[77.140281723958012,19.070840392791411],[77.166158754095278,19.122818173252146],[77.185609980843239,19.104345998310126],[77.28039146800252,19.118228226924341],[77.282548449934268,19.145604443918796],[77.331259121121974,19.139530192329747],[77.378990144506304,19.167002805591626],[77.408299542235113,19.148565698243107],[77.387130633738522,19.089524616101023],[77.476188029050149,19.015695105322003],[77.564219445141944,18.993925106417201],[77.590779616486756,18.966872985714552],[77.599845962700286,18.929639515489765],[77.624777758009927,18.936511297611435],[77.640580947459824,18.911924707253611],[77.698805868946764,18.895391654883365],[77.710178601800834,18.871924340144847],[77.839277473182733,18.856275509408551],[77.872495293935387,18.818519019466443],[77.944277201714513,18.827109297836927],[77.976064588861547,18.875727510449398],[78.035892537756013,18.875688542671007],[78.051086123740291,18.94119600233963],[78.092200201269037,18.942348000301859],[78.14612529632619,18.96484976529095],[78.168128380630961,18.996393170264124],[78.240784734768653,19.016780714296548],[78.325378585496949,18.966152288731031],[78.406512668947826,18.998757932472333],[78.456530090142138,18.956007695884026],[78.504800597952595,18.974006866686761],[78.541953586204585,18.942704362226969],[78.57638196497274,18.994666550867805],[78.609131389569882,18.98444211531945]]]}},
{"type":"Feature","properties":{"objectid":8710,"rivname":"Gorinkala Drain","rilcode":"1","origin":null,"major_trib":null,"bacode":"03","ba_name":"Godavari","sub_basin":"Godavari Lower","shape_Leng":26056.5283848},"geometry":{"type":"LineString","coordinates":[[81.807708691562127,16.751102403495146],[81.859257795926936,16.694281147643419],[81.924875629513537,16.56679098137144]]}},
{"type":"Feature","properties":{"objectid":8836,"rivname":"Guhiya","rilcode":"1","origin":null,"major_trib":null,"bacode":"18","ba_name":"West flowing rivers of Kutch and Saurashtra including Luni","sub_basin":"Luni Upper","shape_Leng":85345.739375799996},"geometry":{"type":"LineString","coordinates":[[73.620312801226689,26.09251007593528],[73.590353186508963,26.084710661729726],[73.55061341860916,26.040323038881787],[73.408150585630352,26.005950289470821],[73.380187282928873,25.973918468940482],[73.326364181089133,25.985578755182129],[73.170208034286702,25.897902061189285],[72.954359836858444,25.9176677789116],[72.930665526269038,25.900268703979943]]}},
{"type":"Feature","properties":{"objectid":9830,"rivname":"Indravati","rilcode":"1","origin":"Rises On The Western Slopes Of Eastern Ghats In The Kalahandi District","major_trib":"Paralkot, Bande, Pamlagotam, Bavardhig, Dantewara, Narangi, Bhaskel","bacode":"03","ba_name":"Godavari","sub_basin":null,"shape_Leng":640106.69511800003},"geometry":{"type":"MultiLineString","coordinates":[[[80.866324248079863,19.107558163624482],[80.845401762725501,19.107071625451731],[80.812017912608084,19.142243389707779],[80.768810047904168,19.141593265426291],[80.75625257467226,19.156950453559393],[80.756010223186991,19.161487639242925]],[[80.866324248079863,19.107558163624482],[80.828303530743412,19.129473254068703],[80.816803436138798,19.154898029018046],[80.756010223186991,19.161487639242925]],[[80.331466980753063,19.141001554671842],[80.329921461180618,19.069658921953497],[80.296968753825055,19.04802659136762],[80.305484330892241,19.025381353314543],[80.273213177555476,18.994510567551004],[80.268253220603668,18.945922046609468],[80.355218562866241,18.825911996753973],[80.280043224755588,18.768493815608952],[80.245825507485591,18.762830742752211],[80.272260085813002,18.723867145060986]],[[80.756010223186991,19.161487639242925],[80.752067752421851,19.170529127756289]],[[80.752067752421851,19.170529127756289],[80.745397623320073,19.195726649968183],[80.750849458509521,19.215636498396311]],[[80.752067752421851,19.170529127756289],[80.750849458509521,19.215636498396311]],[[80.378620893441223,19.17776282610253],[80.347272128971369,19.167022551361967],[80.333497391782032,19.149724805004652],[80.331466980753063,19.141001554671842]],[[80.378620893441223,19.17776282610253],[80.331466980753063,19.141001554671842]],[[80.750849458509521,19.215636498396311],[80.71723852299499,19.26247040447678]],[[80.723599464694104,19.252402559646544],[80.71723852299499,19.26247040447678]],[[80.444413379359943,19.261688414249168],[80.393585905466551,19.244843931037018],[80.383124454961447,19.216221921600486],[80.395107660606129,19.190633300198872],[80.378620893441223,19.17776282610253]],[[80.71723852299499,19.26247040447678],[80.688653074600794,19.280543914603719],[80.688805991883896,19.320814761321902]],[[80.688805991883896,19.320814761321902],[80.673933814447153,19.331045451436285],[80.619824432974241,19.310511401399783],[80.59329787168636,19.383913736608971]],[[80.688805991883896,19.320814761321902],[80.633141608312627,19.299719212248256],[80.605775380723486,19.31021780254104],[80.56937405179319,19.402496968395365]],[[80.529555082578042,19.360635987739766],[80.519510361974724,19.339946543890729],[80.481224866284251,19.332506591732084],[80.477967692909942,19.310346263433761],[80.453012613955778,19.26820301426466],[80.444413379359943,19.261688414249168]],[[80.590439765527762,19.371254288744783],[80.59329787168636,19.383913736608971]],[[80.53394112192278,19.382389686017742],[80.530481533865597,19.377335745583231],[80.523649035526006,19.358239555757546],[80.47530680721114,19.334991134647119],[80.444413379359943,19.261688414249168]],[[80.53394112192278,19.382389686017742],[80.529555082578042,19.360635987739766]],[[80.59329787168636,19.383913736608971],[80.56937405179319,19.402496968395365]],[[80.564447395838101,19.398596750914479],[80.529555082578042,19.360635987739766]],[[80.56937405179319,19.402496968395365],[80.53394112192278,19.382389686017742]],[[83.06480967767898,19.565657075234956],[83.006107707875785,19.596209106978971],[82.988887436070428,19.58729377168898],[82.926636326980429,19.429150186249107],[82.871996771997786,19.387452945257337],[82.870100289056637,19.35078426022643],[82.824941643039608,19.256473485960697],[82.788588525051836,19.228765555515302],[82.72145590722981,19.24043722488711],[82.688697208848993,19.186456567759482],[82.678596740129734,19.197522825089251],[82.637048881758886,19.175547482657166],[82.639328334348747,19.148591571956022],[82.572881725951049,19.212375205796192],[82.568808188061809,19.197721009310744],[82.518194591739572,19.202777166891572],[82.488454535011869,19.179820689391246],[82.438567160174244,19.170295692948503],[82.410934317283733,19.185044501470909],[82.402478336754655,19.164995049705364],[82.352407839318246,19.184343258914321],[82.340255423590676,19.167801704285072],[82.3092205386464,19.176975142349214],[82.288686774255467,19.148127577472298],[82.228966110114129,19.143204795290938],[82.235305317224942,19.121232744962921],[82.220104899065774,19.113930295251521],[82.182805067583232,19.130653375967054],[82.172463791439355,19.118227956158037],[82.16048104569542,19.13443759815814],[82.151096740908372,19.124485141647174],[82.149254291855598,19.142086812041697],[82.123180502936933,19.15099044510773],[82.106648441856578,19.141750171962016],[82.11254177118785,19.115702282727671],[82.066329245972284,19.127605143673289],[82.028605869984361,19.094381469149692],[82.00764553764148,19.113187377851041],[82.01689624490065,19.140319572149444],[81.980466648282118,19.139059212179323],[81.955347800108498,19.104075429177069],[81.893198336512526,19.128843479032071],[81.897922460029065,19.192002734246532],[81.88115313794458,19.204575191349381],[81.859342425135353,19.201832379920113],[81.858864000586962,19.161914296956684],[81.841719784453716,19.146118344698746],[81.818921324963739,19.153471076664786],[81.816658194446532,19.17834009967067],[81.791399433629834,19.19545170445997],[81.744015977131724,19.179153144003756],[81.706329688504994,19.208702992946662],[81.652092070397501,19.178676286465652],[81.581510058918866,19.246291635900608],[81.552945447095112,19.211071097913777],[81.46403097386424,19.209252574768509],[81.453033533299106,19.1862131215468],[81.38256715769424,19.189449277352253],[81.337148444491362,19.137208671128523],[81.329697567482583,19.091196466615674],[81.300222549988987,19.080716154354509],[81.281064946006282,19.101245204722851],[81.254041381187832,19.101446100195965],[81.215955394411537,19.030984333199871],[81.14858301883099,19.000942830255529],[81.112429999152127,19.018725792946309],[81.057510897343107,19.091353965018353],[81.020724863274609,19.093895093011653],[80.958245311609289,19.133855630429718],[80.906396693497513,19.095639801602399],[80.881155017560275,19.098501008337401],[80.879343305895304,19.100742625875895],[80.873520698634039,19.103061669487083],[80.869049418390546,19.106761665109254],[80.866970305179692,19.107687158532581],[80.866324248079863,19.107558163624482]]]}},
{"type":"Feature","properties":{"objectid":10039,"rivname":"Jalangi","rilcode":"1","origin":null,"major_trib":null,"bacode":"2A","ba_name":"Ganga","sub_basin":"Bhagirathi and others (Ganga Lower)","shape_Leng":219998.34992499999},"geometry":{"type":"LineString","coordinates":[[88.647716820332747,24.082965444007758],[88.656899369155482,24.073340012400678],[88.630436176068116,24.029413120761056],[88.650172493883588,24.011730476511342],[88.634424144549172,23.989913514380937],[88.613365523349358,23.983945387049577],[88.581966772832772,24.030183171371075],[88.549912680057133,24.039054042352504],[88.542076630905868,23.99768558291494],[88.511862717981245,23.99209723174021],[88.523194884821834,23.951298327252978],[88.511226325836688,23.956967178907309],[88.48575535205778,23.934650208360328],[88.469589967295789,23.942894598502818],[88.456953902163789,23.927539851438649],[88.511780070963297,23.897908025966299],[88.503490668426352,23.883308418533904],[88.484375954849583,23.904245454212045],[88.462739912575273,23.888017056655176],[88.478584279810548,23.822534084224383],[88.44638930966191,23.824636801326459],[88.458910005385178,23.841202947524049],[88.446816204016287,23.856379604144106],[88.410929877568137,23.796627966523889],[88.439592844980581,23.805682362264857],[88.469172579045988,23.785113962791858],[88.469602164021552,23.766934225246594],[88.4494565918136,23.771663044647081],[88.466861881429693,23.756338694900453],[88.523677227854449,23.742552251528366],[88.517153179330833,23.726825650940231],[88.472495620808814,23.715451335083486],[88.486728473600166,23.701274622205869],[88.531464736530239,23.703663439801648],[88.495777086663225,23.669490713811197],[88.515170236459781,23.648823245196361],[88.447474909965564,23.629577862178945],[88.52617590819483,23.616907443817496],[88.502586344290165,23.583961661543881],[88.513413293130498,23.56857921534117],[88.481885242170236,23.554712655055159],[88.506935050353093,23.522977447221848],[88.551066347432894,23.503032717880206],[88.504964668306982,23.506879057342356],[88.475260980200247,23.48589252804652],[88.489844485836599,23.459359170056121],[88.534245226817077,23.471825075723746],[88.541697821948219,23.459113876800199],[88.505622743733696,23.460988488115056],[88.485333599936482,23.443825205430556],[88.501973480812367,23.415989512580705],[88.453783782557551,23.41179462099895],[88.448084747612896,23.450966592330715],[88.378334255088902,23.410745391893315]]}},
{"type":"Feature","properties":{"objectid":11367,"rivname":"Kalinadi","rilcode":"1","origin":null,"major_trib":null,"bacode":"14","ba_name":"West flowing rivers from Tapi to Tadri","sub_basin":"Vasishti and others","shape_Leng":178721.35578300001},"geometry":{"type":"LineString","coordinates":[[74.337934521613207,15.158471581493687],[74.330640783257891,15.187944824801951],[74.350076102646568,15.210631625851736],[74.3311938899474,15.231450718173582],[74.364089868918015,15.245362874696035],[74.387274375712693,15.277209800677054],[74.459750407180849,15.260543701506457],[74.53421340764325,15.27904662579185],[74.542089609221037,15.261060059238888],[74.597000349009576,15.255560080079967],[74.616227039219012,15.234668666830869],[74.633853993513682,15.24478502312167],[74.699057535908281,15.203337789739368],[74.687044492925864,15.165304670760927],[74.721173017943968,15.163162180447832],[74.732537598634963,15.089708384761625],[74.718746728519434,15.080610710995384],[74.697319425491884,15.10510655498568],[74.604394107984845,15.063964946684399],[74.56280222556407,14.948688517590901],[74.538658634569956,14.920741344597866],[74.50111111667789,14.921002749442248],[74.449124851901075,14.877266017835371],[74.401116871035754,14.87145740938454],[74.3255343750197,14.905400137776036],[74.252026514642196,14.898441934545843],[74.24067249978539,14.867366866820545],[74.200277689371816,14.875151820718862],[74.12087474160343,14.841564548681969]]}},
{"type":"Feature","properties":{"objectid":11405,"rivname":"Kallada","rilcode":"1","origin":null,"major_trib":null,"bacode":"15","ba_name":"West flowing rivers from Tadri to Kanyakumari","sub_basin":"Periyar and others","shape_Leng":126107.41798300001},"geometry":{"type":"LineString","coordinates":[[77.223123045175868,8.813178087717096],[77.234710931657929,8.843837210343828],[77.175656832498404,8.893014964876381],[77.021624914532296,8.986795362838507],[77.015109399996604,8.97701790414061],[76.929219178476458,9.004289416266527],[76.920912155531099,9.040366707656451],[76.877729909036674,9.049205322828115],[76.865906018062688,9.083033143127254],[76.837912393066304,9.072278461825766],[76.787541089408535,9.090115440341807],[76.75920423835808,9.071959045775815],[76.755540523784717,9.088322526657196],[76.713507265847483,9.084577295335698],[76.724565615014072,9.064699156104504],[76.687014608908626,9.062320718476444],[76.677292959091901,9.027055984680118],[76.585334721289058,8.99799443380755],[76.577788241479539,8.955852012091784],[76.540541884463423,8.934574138385646]]}},
{"type":"Feature","properties":{"objectid":12198,"rivname":"Deh","rilcode":"1","origin":null,"major_trib":null,"bacode":"20","ba_name":"Minor rivers draining into Myanmar and Bangladesh","sub_basin":"Khawthlangtuipui & Others","shape_Leng":41765.563942399996},"geometry":{"type":"LineString","coordinates":[[92.650873955390054,23.057901275322394],[92.665304708677979,22.936685385142869],[92.620529592688399,22.941333896513409],[92.618777039461136,22.953220445467071],[92.55636167242146,22.927220575425746],[92.531368399849711,22.946282458494462],[92.523123809807998,22.937036750048303]]}},
{"type":"Feature","properties":{"objectid":12382,"rivname":"Katakhal","rilcode":"1","origin":null,"major_trib":null,"bacode":"2C","ba_name":"Barak and Others","sub_basin":"Barak","shape_Leng":67002.420716099994},"geometry":{"type":"LineString","coordinates":[[92.63839942697129,24.828477104665609],[92.663790455541488,24.804690028507981],[92.635015872709658,24.751045708016896],[92.623636347100316,24.653140232974103],[92.612201662996753,24.636614674418709],[92.59167578476162,24.639794783161303],[92.579581136227119,24.607388522040694],[92.623919768431207,24.61440933694443],[92.641838111858647,24.587209428978358],[92.609119581782963,24.504348876408429],[92.578064676367461,24.479435477727542]]}},
{"type":"Feature","properties":{"objectid":14020,"rivname":"Kopili","rilcode":"1","origin":null,"major_trib":null,"bacode":"2B","ba_name":"Brahamaputra","sub_basin":"Brahmaputra Lower","shape_Leng":332971.14654099999},"geometry":{"type":"LineString","coordinates":[[92.794283370623887,25.210483981643478],[92.801969739733266,25.219533183161165],[92.763148496521296,25.246306079985288],[92.792467796651962,25.283639356677838],[92.78311283846746,25.333547200885185],[92.749436344127545,25.344190453881708],[92.737640661469754,25.379926149890636],[92.716651002790982,25.372517809790452],[92.673673127610627,25.414023579186065],[92.661432831843783,25.406379462999315],[92.653323697340483,25.433607780777731],[92.638551736915261,25.41745329290125],[92.625546745722247,25.435231583132943],[92.606080070204584,25.413549594793935],[92.597799500661495,25.469147713681512],[92.564622758373005,25.467005179965255],[92.576095265933006,25.492537566044888],[92.643085077762535,25.534677152912881],[92.657948859534386,25.570824287132712],[92.681843628819081,25.574981895819075],[92.696834969226558,25.598925769635436],[92.740552573867845,25.59259203144487],[92.768418064600155,25.617543208414777],[92.757283006649018,25.627972326960109],[92.790057836789245,25.660216853726158],[92.774647379814496,25.674616023520443],[92.81381922956551,25.702412079725899],[92.821274545317635,25.741095810776375],[92.929691285237965,25.779238266684192],[92.932047815872821,25.803874718966412],[92.903847356158707,25.801985599810287],[92.907773539068515,25.824358353385175],[92.889356374408223,25.832905128500659],[92.886387695040284,25.874201930978856],[92.85900345125178,25.867150388046845],[92.845517398167587,25.920678306159925],[92.810636420295936,25.927976163873645],[92.798937911680682,25.91646551385718],[92.78887890119023,25.947718464588046],[92.803019580447682,25.961483426724957],[92.775489659118676,25.948726073515168],[92.760204746475281,25.964950282704166],[92.774447893654042,25.981925930217081],[92.758843632162581,26.005218547794321],[92.784113509811192,26.009410233827559],[92.753534162908835,26.019470279868614],[92.767506449820019,26.030288821385216],[92.743618356806479,26.047316672676253],[92.760121098436031,26.052764241268676],[92.75409305421384,26.072045996075342],[92.733296496498028,26.073194529327967],[92.736665602198158,26.104626750713678],[92.715649372321707,26.10169553314191],[92.730659598241687,26.117409250616408],[92.701237355430507,26.127382568902348],[92.70477874347975,26.146410355560985],[92.674131371463602,26.141720408122762],[92.679223313721181,26.160001632751115],[92.649903165244311,26.152797617743822],[92.591498959425749,26.178448760947038],[92.604566206863126,26.200268980759223],[92.54938753706648,26.187194555479312],[92.540098568768983,26.203647658339865],[92.512777230907602,26.200632690939095],[92.476066915703214,26.173208019662351],[92.394253609110677,26.182238484782367],[92.310942712638408,26.144484256608518],[92.281889478606431,26.168101240431671],[92.208371205576512,26.175891027805807],[92.205841653039215,26.189822449584064],[92.163691866397542,26.162447269506902],[92.129498847961457,26.180934403380132],[92.081407967330904,26.177544885997865],[92.09342229789506,26.189357859015804],[92.061093234213672,26.195823671095944],[92.0463198174171,26.215686197475673],[92.041427319760913,26.198340639830029],[91.99875537527511,26.205085765734214],[91.959318012419516,26.230654340880861],[91.953326803053756,26.252027844154487]]}},
{"type":"Feature","properties":{"objectid":14045,"rivname":"Koraiyar","rilcode":"1","origin":null,"major_trib":null,"bacode":"15","ba_name":"West flowing rivers from Tadri to Kanyakumari","sub_basin":"Varrar and others","shape_Leng":84486.913683199993},"geometry":{"type":"LineString","coordinates":[[77.114061073750406,10.689790203660689],[77.068893035178689,10.684671840407642],[76.971816721046096,10.727233002432081],[76.8813574090114,10.717349924675078],[76.8145098866989,10.769789789245603],[76.718178067508887,10.78867778885264],[76.695443245657458,10.812903339048873],[76.626511494663674,10.785481252324638],[76.556604599928164,10.794792416557183]]}},
{"type":"Feature","properties":{"objectid":14122,"rivname":"Kotawali Rao","rilcode":"1","origin":"Gangotri Glaciers, After Confluence Of Bhagirathi And Alaknanda","major_trib":"Yamuna, Ramganga, Ghaghara, Gomti, Sone, Tons, Gandak, Kosi, Punpun, Mahananda, Mayurakshi, Damodar, Ajay","bacode":"2A","ba_name":"Ganga","sub_basin":"Above Ramganga Confluence","shape_Leng":27379.599682799999},"geometry":{"type":"LineString","coordinates":[[78.412214504039198,29.807876709990598],[78.396457764010862,29.791940197166838],[78.338700838963845,29.798718117749559],[78.250244549695665,29.734796706033183],[78.197387142620386,29.739147716343432]]}},
{"type":"Feature","properties":{"objectid":15097,"rivname":"Langnvu","rilcode":"1","origin":null,"major_trib":null,"bacode":"20","ba_name":"Minor rivers draining into Myanmar and Bangladesh","sub_basin":"Imphal and others","shape_Leng":41423.983966599997},"geometry":{"type":"LineString","coordinates":[[95.116202243223753,26.289585742249333],[95.057952706385578,26.204191817660849],[94.936028551751207,26.081518632282677],[94.931253308488863,26.048082690015242]]}},
{"type":"Feature","properties":{"objectid":15902,"rivname":"Mahi","rilcode":"1","origin":null,"major_trib":"Panam, Anas, Som, Erau","bacode":"10","ba_name":"Mahi","sub_basin":null,"shape_Leng":553524.21805799997},"geometry":{"type":"LineString","coordinates":[[72.822118141436491,22.244306564220761],[72.898773595727391,22.23926708876747],[72.916524272799549,22.261624105216718],[72.909444644756235,22.297687113721405],[72.927631506588881,22.308475123481355],[72.947187491944689,22.292065975117989],[72.954084626721468,22.25437365955689],[72.978814482588518,22.253019237126853],[73.061651905776941,22.313206348843615],[73.046793901778528,22.362169574514166],[73.071306118091897,22.393910507439816],[73.066145888600261,22.428256440124429],[73.093017009566381,22.456117971808716],[73.089120138596044,22.505609214564807],[73.136362908347579,22.529398025119338],[73.16017388331673,22.592829111768832],[73.266744327111581,22.668536217420872],[73.253096938181116,22.71135477915492],[73.258852687294606,22.771164294852213],[73.36262568033618,22.800916637038199],[73.386002214226849,22.862417217682019],[73.367743113727471,22.899179253053298],[73.448265788315382,22.968375357334494],[73.43435622715036,23.005662092976259],[73.441616048866933,23.041963890428256],[73.546598409174905,23.091650657071163],[73.548870153890178,23.149311350263968],[73.572072511076016,23.19410359797002],[73.65493264649551,23.211072986809963],[73.661700708827439,23.24618555382607],[73.695469665105762,23.265970552813098],[73.819889801096565,23.271611384405585],[73.82172990026497,23.314405320856491],[73.857311994920451,23.349874091131568],[73.936137296574813,23.342127665029924],[73.935861031205761,23.368245596574351],[73.97804278639704,23.396001782639527],[74.0130465492512,23.444808858560226],[74.030192416398933,23.5461914706143],[74.059065848216548,23.565484136023457],[74.071283995246574,23.602048538405718],[74.115405339859478,23.609823936089438],[74.133384950114618,23.695203230613888],[74.119351641343513,23.723607881125989],[74.146224899588063,23.783063484563801],[74.286305322562427,23.840640358598858],[74.356890102176379,23.885196479797685],[74.35860878171907,23.901742375937157],[74.432596053356576,23.905522357427046],[74.473878810082795,23.925792721789453],[74.522848574192892,23.879713520599068],[74.515635737869388,23.834032616288834],[74.556298972922264,23.820050578792614],[74.557411226579234,23.739340716294357],[74.526147070169273,23.730798253265565],[74.532340352915071,23.672818093264048],[74.514780697186978,23.639700729137502],[74.54462168672157,23.631890297826487],[74.540484816192361,23.603480566888759],[74.56192331275571,23.595489985785147],[74.550451616881972,23.582373519572059],[74.558215950297466,23.559522851531376],[74.530914194189506,23.557751661350288],[74.528075448946311,23.531016751826574],[74.556777531465656,23.519574288116431],[74.582650983764253,23.463273030105618],[74.608598988497391,23.455121868551139],[74.599270003633791,23.425443469631272],[74.628767284940807,23.419145107780967],[74.659958056744216,23.363680182655752],[74.684621524188785,23.372580355632877],[74.724713296458191,23.345772805092984],[74.709680727259212,23.320255582525384],[74.764038083364227,23.299479815484727],[74.73873474002572,23.268135172813015],[74.756981270077944,23.237894636671729],[74.79087953907262,23.242099678090618],[74.786692623241763,23.202030213246537],[74.766717313848687,23.180582399275576],[74.801580976789523,23.165949464332044],[74.781500162480214,23.150455837459763],[74.819077984395378,23.133380637081473],[74.887347677656962,23.136808019439883],[74.919630415499725,23.162482280029252],[74.955254402484186,23.15772660509915],[74.993035854102175,23.142808613809898],[74.990827978829614,23.120599865367499],[75.009352133192479,23.104740263640061],[75.003179155003338,22.912876950424572],[74.949906411288154,22.81114011662244],[74.982877771390605,22.722212598987124],[74.968982106484788,22.674922285857896],[74.978882947133059,22.608713048438752],[75.042937976703399,22.56772981829053]]}},
{"type":"Feature","properties":{"objectid":16385,"rivname":"Manjra","rilcode":"1","origin":"Rises In The Balaghat Range","major_trib":"Manar, Lendi, Tirna, Karanja","bacode":"03","ba_name":"Godavari","sub_basin":null,"shape_Leng":753305.29738500004},"geometry":{"type":"MultiLineString","coordinates":[[[77.93367130943632,18.17272504310564],[77.916029912730679,18.220363428094558],[77.928905829270676,18.230549318637411]],[[77.93367130943632,18.17272504310564],[77.940730572655795,18.216224146877824],[77.928905829270676,18.230549318637411]],[[77.928905829270676,18.230549318637411],[77.931594546108087,18.255670596485515],[77.897497203976215,18.268744085720382]],[[77.897497203976215,18.268744085720382],[77.877445557822341,18.27726269718865],[77.867570921173652,18.308536513783565],[77.875061545087874,18.331831779232864]],[[77.897497203976215,18.268744085720382],[77.875061545087874,18.331831779232864]],[[77.875061545087874,18.331831779232864],[77.826591821096073,18.396987821398316],[77.784827262772353,18.408625547455063],[77.786315965964533,18.447728006998343],[77.755564236962002,18.49436733576719],[77.756272635752055,18.601243709822882],[77.72710104029413,18.6528763079464],[77.756174145620506,18.704952433547366],[77.796005990158278,18.698691380456868],[77.84118145808749,18.807187657446796],[77.873750431728311,18.818457296455929]],[[75.399041944554241,18.896677041130573],[75.385262273359871,18.875061280588632],[75.395788473639655,18.833891992323444],[75.442033103184329,18.793133597524609],[75.500102694164383,18.7961610041888],[75.513958321953325,18.734305217988627],[75.606554777457546,18.686806142603825],[75.612642987833851,18.663804021446616],[75.642364525944771,18.649160276918511],[75.744342204529616,18.683470623942355],[75.802964020525607,18.650803158462864],[75.939929505464377,18.641125755339331],[75.948300811860321,18.604631095248592],[75.995490612465204,18.615157022634339],[75.982089942524851,18.592019269411583],[75.994575250210815,18.582948959302986],[76.040205754950648,18.592300384612805],[76.057732225405417,18.572411893149415],[76.13775246891332,18.585721034045296],[76.160453421755335,18.555814696289694],[76.195192252312353,18.57749879004411],[76.261062282176454,18.577476299684644],[76.323607434349796,18.570168742527933],[76.375620706908435,18.541865833869007],[76.422683507599118,18.552329313925856],[76.454457748977674,18.535241997816716],[76.489664680259978,18.473403024444082],[76.657969663671466,18.456349031387511],[76.678067266941,18.414579312426785],[76.663046561795213,18.404779317664129],[76.669497430919506,18.384454158077521],[76.684479824136531,18.380788295407655],[76.678002382677647,18.341843256945268],[76.706801852640353,18.312273081539541],[76.710180492232496,18.281438013128511],[76.732445376146217,18.270001519607028],[76.760713706760285,18.289482041372402],[76.769766758708428,18.273894493249315],[76.811103479044817,18.272169305774856],[76.826872630958107,18.244380554200784],[76.85631059428043,18.232275632872273],[76.88174230738953,18.252277641678823],[76.906914331410604,18.238831134385482],[76.884591078368203,18.209061402367755],[76.907397891618388,18.203296780459823],[76.904483648820388,18.186619361599092],[76.932349880936869,18.16192332936194],[76.919103664636935,18.121018036794666],[76.96595637845617,18.099261118394661],[76.94530004592346,18.083904310699776],[76.944286500204555,18.04543615166746],[76.989677877805917,18.046487381283136],[76.992447814321906,18.065249788144094],[77.01704878800652,18.062679125481736],[77.040501211575403,18.083076802795205],[77.072762742574596,18.075571223074245],[77.073363914955848,18.122625203141979],[77.033858495475755,18.121074600252239],[77.032352797220227,18.149113163936789],[77.050316737915963,18.160881684556468],[77.11186832572848,18.156582925770671],[77.097065076307999,18.196531508517452],[77.129483549917239,18.207928239727369],[77.150814242287581,18.1531361795012],[77.179945883388967,18.170585648940605],[77.196517406161064,18.139609267442939],[77.215583736317342,18.167761177187899],[77.226976663635355,18.147907889631888],[77.250485089541158,18.159370856545355],[77.272790466000984,18.131768587027675],[77.346134943537237,18.120615751207417],[77.366430949110978,18.099539955118686],[77.399842152668498,18.104981149046157],[77.385013605460955,18.072124280395098],[77.395014664672445,18.051174432438742],[77.433790733738547,18.085998297200742],[77.451230745708315,18.042201845343964],[77.482231285161646,18.022094461861887],[77.499505035497236,18.060871133664616],[77.57950824116395,18.032261748242014],[77.589550390911313,18.011761967871461],[77.605458390037398,18.019939711211698],[77.627517091256593,17.996562082508206],[77.649194088241657,17.998572207355753],[77.64413133727102,17.940216331624498],[77.707422130165739,17.951554238675815],[77.691503805236692,17.923155986632846],[77.702052829679616,17.913410742438948],[77.730492318305011,17.932587891438132],[77.750979148003196,17.908361081922873],[77.773770914379938,17.922777945009372],[77.804684758291089,17.881617326546881],[77.859432390915572,17.862297082409913],[77.864552465619155,17.827221273882255],[77.909112029777518,17.808952307267898],[77.907673697244476,17.774154642093716],[77.938343212421557,17.716100554431303],[77.979976487451509,17.721625247948005],[78.055398462143515,17.660071334689512],[78.117449622359061,17.648703865318026],[78.126825204369794,17.666948694974835],[78.143971058588818,17.647912435311262],[78.153864277028745,17.665637732292129],[78.141244610858507,17.688945239208088],[78.156152608414544,17.707150726529633],[78.13115426675472,17.717844908276717],[78.131579525469135,17.734754952187391],[78.105665526732054,17.734564965350383],[78.11595309742701,17.800058841075135],[78.09677046278938,17.818036731907764],[78.094891879640926,17.859817448318729],[78.07242204289318,17.868770564012333],[78.079246059659013,17.905622654145386],[78.055344741507966,17.933377301644658],[78.080371175776165,17.968256595226194],[78.11358554629102,17.977369107118644],[78.141670344501151,17.963162731198462],[78.161718429151236,17.99041381310575],[78.208477867419774,18.007251719240049],[78.210791488705894,18.061008319053116],[78.154748923325272,18.084677849700608],[78.143315392092077,18.068713820119278],[78.118877451326867,18.071542637102439],[78.108464526087062,18.093757231834708],[78.090227949856597,18.067919381052299],[78.021416724952644,18.111427541890272],[77.965983661285819,18.117778668044444],[77.967906316175231,18.147157939080902],[77.93367130943632,18.17272504310564]]]}},
{"type":"Feature","properties":{"objectid":17365,"rivname":"Muneru","rilcode":"1","origin":null,"major_trib":null,"bacode":"04","ba_name":"Krishna","sub_basin":"Krishna Lower","shape_Leng":212792.70759500001},"geometry":{"type":"LineString","coordinates":[[79.956450621162688,18.085071149384902],[79.917695460803586,18.048508128378479],[79.894693085266468,17.988737232693826],[79.902679727886735,17.966077622112198],[79.869219105992883,17.914687796043605],[79.885265285708243,17.866949875370306],[79.958887465625381,17.820304698249721],[79.976779389937136,17.766082623441562],[79.968949015725798,17.703501882215324],[80.002217616546858,17.699490364939553],[80.029109534938613,17.648293965967845],[80.025135979840258,17.617709576418072],[80.080674797010118,17.583909689894181],[80.085223033098274,17.550645115317337],[80.133801646230623,17.494549377298114],[80.136854691576275,17.400011198940085],[80.16676968490448,17.360780831116969],[80.132864939694912,17.311352422403221],[80.122489188868187,17.231896511388708],[80.159583816527729,17.188075400407396],[80.167755302779241,17.00061224222781],[80.269944560540964,16.888264975283917],[80.297377364781383,16.821291678419705],[80.294532136711609,16.779035538748914],[80.318666439132301,16.7225568908433],[80.295090850962879,16.677050958517341],[80.323121092775835,16.594131706403839]]}},
{"type":"Feature","properties":{"objectid":17600,"rivname":"Nagavali","rilcode":"1","origin":"Near Lakhbahal village in Thuamul Rampur block of Kalahandi District","major_trib":"Suvarnamukhi, Jhanjabati","bacode":"16","ba_name":"East flowing rivers between Mahanadi and Pennar","sub_basin":"Nagvati and other","shape_Leng":250362.06535},"geometry":{"type":"LineString","coordinates":[[83.246335135670819,19.699345271860732],[83.24775102127596,19.710647205723067],[83.258828316962521,19.703769541625121],[83.25665891720773,19.666760517695678],[83.292081322115749,19.631513757320661],[83.311624075074789,19.57014700070135],[83.312811975474517,19.41531175470686],[83.369334738398848,19.397072861117685],[83.369053304746586,19.356627409865915],[83.390094760742983,19.358768028474579],[83.397352129093306,19.325334898431617],[83.432707810630504,19.303066767242861],[83.417517131258194,19.276276669463581],[83.433511213432595,19.169045034350866],[83.414732542699781,19.075960542723806],[83.444172766430995,19.04886496968048],[83.455840336473742,18.995342267565224],[83.44440537037903,18.961566663428254],[83.464974256012738,18.944457370807701],[83.47093327426181,18.866168548180973],[83.507696510852099,18.781426212441023],[83.502077083407372,18.751278515343021],[83.52227084341169,18.743733219019628],[83.534482248903274,18.711851713034402],[83.570130005757477,18.69688142364264],[83.571769436087635,18.676895580434223],[83.619124451385204,18.642519359555287],[83.650219196520055,18.58781859707452],[83.73115028763543,18.56791982209527],[83.756619090023165,18.582617120343702],[83.784695676495843,18.540281033768565],[83.803936639004746,18.546541097095307],[83.788109469112172,18.50262146496955],[83.821076916411485,18.47461006245015],[83.813147423292762,18.438391993278412],[83.838035345653168,18.413648708747317],[83.82447059360959,18.399717854971865],[83.85447468880318,18.391205274663246],[83.849089462280105,18.371252178437256],[83.887609008141197,18.323417186983384],[83.888022036164614,18.283406917684214],[83.932617322687008,18.217088974910126]]}},
{"type":"Feature","properties":{"objectid":18113,"rivname":"Narmada","rilcode":"1","origin":"Amarkantak, Satpuda Range","major_trib":"Tawa, Banjar, Hiran, Sher, Chakrar, Shakkar, Dudhi, Sinhor, Barna, Kharmer, Ganjal, Chhota Tawa, Beda, Silgi, Uri Wagh, Goi, Kanar, Orsang, Karjan, Machak, Choral, Burhner, Temur, Soner","bacode":"12","ba_name":"Narmada","sub_basin":null,"shape_Leng":1394389.03969},"geometry":{"type":"MultiLineString","coordinates":[[[72.594582996406018,21.634945576328182],[72.59458299723461,21.635102413003512],[72.599487688633218,21.63708299934731],[72.594582996406018,21.634945576328182]],[[72.840123689320421,21.671923924168823],[72.784525424444297,21.655734262985536],[72.716284562094017,21.676851825920256],[72.662890451140825,21.66544765239858],[72.59426228347786,21.634972902706313]],[[72.918809774492146,21.676449797675556],[72.893215641733534,21.661267446833502],[72.840123689320421,21.671923924168823]],[[72.918809774492146,21.676449797675556],[72.865975998053131,21.686799424953865],[72.840123689320421,21.671923924168823]],[[73.041633800591853,21.71324373920239],[72.98506109349475,21.678405219625439],[72.918809774492146,21.676449797675556]],[[73.121920756847373,21.73230912516145],[73.09645897674163,21.714886472569724],[73.041633800591853,21.71324373920239]],[[73.121920756847373,21.73230912516145],[73.066159415773981,21.740124293698717],[73.041633800591853,21.71324373920239]],[[73.136143318994087,21.748013225162346],[73.121920756847373,21.73230912516145]],[[73.136143318994087,21.748013225162346],[73.175495894807824,21.790104078025767],[73.140035741877085,21.819573733717668]],[[73.138343301160916,21.810719610689787],[73.136143318994087,21.748013225162346]],[[73.137657567496078,21.811148828901313],[73.138343301160916,21.810719610689787]],[[73.140035741877085,21.819573733717668],[73.138343301160916,21.810719610689787]],[[77.377809564071441,22.608734352683538],[77.355362490040832,22.602161262452206],[77.319344341088907,22.556244829448609],[77.290690926489233,22.561277321643018],[77.267153057699801,22.607500965860858],[77.214799440732179,22.567335244930696],[77.158354880089021,22.582229329238515],[77.082287070891624,22.508786118619678],[76.905734543496521,22.486294546725084],[76.82215030341203,22.447372092331854],[76.789667070336748,22.424348061303149],[76.762235216025829,22.316854568435961],[76.646647052697688,22.241925937612731],[76.528734809852182,22.234545190370486],[76.459767620784149,22.289547841549808],[76.463857910533093,22.323354003002891],[76.404798749091512,22.338492291559593],[76.325722942967261,22.298209603640313],[76.207611131209319,22.280212274248193],[76.189128742866544,22.236399653056118],[76.125249590234816,22.256050898563419],[75.955813052893788,22.188194247833447],[75.803650495744932,22.181449380990795],[75.733840444670165,22.153684897415214],[75.650393849555584,22.172104452426368],[75.551953216226835,22.170220986165404],[75.541817913500367,22.157829881239497],[75.313600204877218,22.136165653057006],[75.188384304590841,22.104369602291332],[74.916191624356586,22.084069466859066],[74.83924142558277,22.063191309383317],[74.77636719131614,22.077690613353898],[74.67810060701963,22.036298840069545],[74.58970861011214,22.023188701791366],[74.561105072278579,22.023088987707059],[74.52750375654044,22.052210227408409],[74.385862181294399,22.018513568265597],[74.35301469385594,21.979356796272203],[74.299950341384459,21.968404685422556],[74.282360143761807,21.934653875885687],[74.192798498805004,21.925975977980016],[74.155055480028039,21.950814708412345],[74.124309705151177,21.948397484043554],[73.87106638878538,21.840792885152549],[73.81080767490586,21.838951206698866],[73.789690261997862,21.822474941664876],[73.732357068146669,21.829697877817438],[73.680000102066174,21.881873012782442],[73.605116772037277,21.898052485939537],[73.590840832647245,21.94338905355859],[73.544595517113407,21.978156377839021],[73.508143923326301,21.962739003100442],[73.45158731717008,21.98266854260557],[73.432138104415316,21.919663158197871],[73.405667591966534,21.910253391145027],[73.360423654859446,21.929878680038676],[73.333927337814558,21.874003522302448],[73.241892472298474,21.934084210768358],[73.22150697147903,21.91072341616394],[73.244687392185739,21.843482919370107],[73.203311712404911,21.82216902642314],[73.141588273065082,21.8651588054129],[73.129631065071862,21.846795819647046],[73.140035741877085,21.819573733717668]],[[77.377809564071441,22.608734352683538],[77.409241291250126,22.616099022228028]],[[77.409241291250126,22.616099022228028],[77.39594963750146,22.603262340162473],[77.377809564071441,22.608734352683538]],[[81.75148045167731,22.658506067135605],[81.747203042840439,22.684266798649418],[81.693374992121733,22.706125409705397],[81.704239382476388,22.744359776095379],[81.684537879520761,22.78338888955491],[81.642029330394237,22.787953494105807],[81.593877696718437,22.754689393193445],[81.553347685695954,22.761409260794657],[81.531872358503193,22.745395717808666],[81.506274874728376,22.766025836051238],[81.453585185037795,22.770128457155561],[81.42862065168265,22.836759810420638],[81.403777600182536,22.853910484186585],[81.351896028189117,22.851996555391612],[81.257227957715926,22.901673263563229],[81.200373384085367,22.911281921547967],[81.187981006939822,22.946334386564146],[81.085113397181715,22.944808518332238],[81.063079561467248,22.967274242397604],[81.031124263481047,22.971007823318949],[81.02377817641343,22.929798787627011],[80.992666983050825,22.926576344850513],[80.915626206829657,22.957953110635913],[80.891449767448037,22.936842611745551],[80.904822335433863,23.014171974277339],[80.824063766642425,23.059661500423026],[80.826507654778652,23.020049748133896],[80.804934848929221,23.01962147303221],[80.805307845620248,22.988492228857996],[80.770203674129689,23.030066442839672],[80.749167491576017,22.997152635834205],[80.682955716485381,23.004616766310601],[80.676078790766482,22.987104021039325],[80.653195738339321,23.002570815428932],[80.659283142185615,22.970380965143772],[80.630201474445329,22.977480520881038],[80.629674834855933,22.949173255856749],[80.612274876859033,22.969354891016497],[80.589472008725949,22.960928882440353],[80.585868735654344,22.983069954765778],[80.565611337938947,22.956444159103899],[80.511182852725895,22.950198159061362],[80.536453139406404,22.93028178054686],[80.539439434430619,22.900561690550944],[80.525265810015014,22.873141485254077],[80.467818480581499,22.836218201151837],[80.519695891280151,22.797746859818275],[80.485782740357521,22.746790419679598],[80.510741195657303,22.74003844058884],[80.518540666653678,22.712494397832266],[80.496292389121635,22.678415245179917],[80.473495121067884,22.671777761116985],[80.507046109004946,22.654990347036485],[80.50989354245084,22.617721521096861],[80.48614864309036,22.612370862558389],[80.473806792399373,22.587742470213406],[80.451769632738149,22.59096652501314],[80.45611474186569,22.574643755778428],[80.419240250637898,22.566313432938667],[80.385093205036966,22.596984830147843],[80.368402631625258,22.585868630232888],[80.360391707651388,22.60970562571346],[80.336532579212047,22.619150052220327],[80.315898439136518,22.659162858431969],[80.328830437342063,22.712390137165325],[80.285771586991586,22.728034871060949],[80.279126521575833,22.788508475193762],[80.218332949183022,22.80001837373289],[80.181228944961248,22.764547555101384],[80.066730226178379,22.764564443363707],[80.029373664981676,22.78442162887222],[80.006001740147013,22.827448775262134],[79.936287498505465,22.862892608651229],[79.930758748351963,22.92780271142367],[79.901808833303292,22.986990476338608],[79.964945552373607,23.068420557668425],[79.938165936291881,23.103598586776084],[79.829354585595567,23.104313793026968],[79.790999344928622,23.138824882664991],[79.664337245590517,23.090912789900688],[79.649191120586437,23.10665328459741],[79.581066267814393,23.112014028742422],[79.567823693159568,23.136166997450214],[79.51665928891255,23.143659525943288],[79.45743519520552,23.097098260161157],[79.378601342276568,23.113547601590284],[79.177038353708838,23.068740099829924],[79.126756878192552,23.077306389108685],[79.075926475460875,23.010380644939243],[78.994049584005168,23.036465980919132],[78.977997065840114,23.056405339378099],[78.763079688222803,23.045870347225446],[78.744773084482532,23.062783222671264],[78.730311828044123,23.042785662342489],[78.670881785343738,23.038152423057713],[78.647833808383808,23.020664501133904],[78.622190874478946,23.031172976068582],[78.595389632549811,23.01031745636805],[78.469915204085012,23.00635448484622],[78.348860195556625,22.91825686505565],[78.31989602501416,22.916583653888718],[78.280829231784125,22.86565803818559],[78.258726363311325,22.877186781422701],[78.233541425787848,22.866978123668336],[78.218079055960004,22.8956238871247],[78.20057656030167,22.89629094911653],[78.126447732201271,22.836389572583695],[78.115871455775817,22.789326632218536],[78.060714942104681,22.815586528241042],[78.028920284900451,22.799184402905762],[77.973399480706874,22.827811284139976],[77.925537813843874,22.805657242780249],[77.914387494198309,22.821686225155229],[77.932850481629274,22.841085420323804],[77.923760855466398,22.85848224377299],[77.875892868251086,22.827428895904404],[77.862411268282571,22.837622129398049],[77.871290795105764,22.864889326346365],[77.845211606265991,22.872443372433974],[77.796979937824844,22.840249510359534],[77.777828387988635,22.791871742670111],[77.740806392652985,22.761218082397789],[77.694644910900237,22.767620450906772],[77.666293296867892,22.731627699117293],[77.626014609780825,22.746565914016642],[77.579518212433854,22.673953702666584],[77.45895996380861,22.644647761572099],[77.409241291250126,22.616099022228028]]]}},
{"type":"Feature","properties":{"objectid":18325,"rivname":"Netravati","rilcode":"1","origin":null,"major_trib":null,"bacode":"15","ba_name":"West flowing rivers from Tadri to Kanyakumari","sub_basin":"Netravati and others","shape_Leng":115681.25662},"geometry":{"type":"LineString","coordinates":[[75.324071445977751,13.134185376866794],[75.348678718815876,13.169940580503498],[75.365867282747203,13.161647607883003],[75.351111387494825,13.012017556327979],[75.368881590218422,12.989627446628703],[75.357248892622522,12.955719063147743],[75.371875526425285,12.937246349334588],[75.324659244240408,12.855388878676495],[75.264746394012064,12.836798986782666],[75.190712178387258,12.843106838520548],[75.134271467299556,12.856121048752348],[75.062388562363594,12.899339579491588],[75.046998476302136,12.898041703097851],[75.038884638375592,12.87293268039388],[74.992547953917864,12.860250760922744],[74.963707579013274,12.85593044945669],[74.948955286189118,12.870938434763518],[74.866759300233525,12.840787860886437],[74.824912571056231,12.844970812754994]]}},
{"type":"Feature","properties":{"objectid":18703,"rivname":"Ojat","rilcode":"1","origin":null,"major_trib":null,"bacode":"18","ba_name":"West flowing rivers of Kutch and Saurashtra including Luni","sub_basin":"Bhadar and other west flowing rivers","shape_Leng":152221.90944399999},"geometry":{"type":"MultiLineString","coordinates":[[[70.093211947909737,21.390899659424061],[70.174495769883194,21.408417790585343]],[[70.093211947909737,21.390899659424061],[70.009322753138946,21.379400247278522],[70.012612626037651,21.353846100847612],[69.99843286887841,21.340812696460052],[69.867300284091485,21.457433565592943],[69.800142279610739,21.452718702473945]],[[70.174495769883194,21.408417790585343],[70.141774253099143,21.3850147401428],[70.093211947909737,21.390899659424061]],[[70.824475205031121,21.553565033312459],[70.7195299219036,21.469769237290802],[70.710668723067087,21.434711635649542],[70.650797508851937,21.386390656097777],[70.590884573023146,21.38046632798282],[70.49449757852507,21.398894614406061],[70.372977300078915,21.458564489476],[70.300904712398236,21.468188912294394],[70.174495769883194,21.408417790585343]]]}},
{"type":"Feature","properties":{"objectid":19425,"rivname":"Parbati","rilcode":"1","origin":null,"major_trib":null,"bacode":"2A","ba_name":"Ganga","sub_basin":"Kali Sindh and others up to Confluence with Parbati","shape_Leng":444200.65801900002},"geometry":{"type":"LineString","coordinates":[[76.556472298947639,22.790213396146132],[76.592959150077832,22.805063337792369],[76.59440166377216,22.836231297342394],[76.653302488635646,22.884123950325872],[76.682990114777979,23.005540243932614],[76.736050476642959,23.034072654948321],[76.755471960436452,23.079888451771847],[76.821758268807073,23.109179503255916],[76.842743331454017,23.171837774604359],[76.889484652272046,23.187450238914334],[76.902169422280238,23.227846466502857],[76.940081834627719,23.236798120975937],[76.987403859761415,23.285944600166928],[76.988199832474592,23.397456965896609],[77.017324950574633,23.44652486042088],[77.094976921780997,23.488907257046009],[77.106376261099541,23.521147354004846],[77.138832403227156,23.547697084892903],[77.144321914200077,23.587347897583392],[77.127193897537481,23.618795888206094],[77.169894141415753,23.676411421673709],[77.225431684221505,23.829900918924764],[77.187438304939946,23.85840446196854],[77.188192187504626,23.921470627638527],[77.165840235816404,23.945706816713098],[77.18403483103441,23.996877996731527],[77.185000534747545,24.10403500238969],[77.123247623705979,24.233141608521198],[77.130632377730223,24.254356440105848],[77.109859505053251,24.306442071097404],[77.118955694483503,24.337710050077227],[77.098570209252571,24.364607874132261],[77.099552391941913,24.472294008825731],[77.056278455975374,24.523223018306471],[77.06803970451017,24.630521018689524],[77.039981895813014,24.702057448723384],[76.97157516927831,24.734199557384006],[76.952627669154708,24.759540934801802],[76.914027896842455,24.74025701493153],[76.850762088793843,24.746190159993901],[76.800291217021851,24.827089267225148],[76.741050607931925,24.852085383536146],[76.677669186221308,24.912445663883652],[76.604022905506383,25.090617146339785],[76.622239598408186,25.198679265862616],[76.608397700120079,25.246658570100898],[76.594792446862897,25.260007756893998],[76.573698375819106,25.253086673187976],[76.561572043284869,25.280913593562865],[76.574378069730358,25.305751058742626],[76.567203141625981,25.343363485231475],[76.598358111241566,25.407353368843015],[76.517055775505625,25.528541583522649],[76.503342894686739,25.672619009677501],[76.472838082971563,25.704562684236475],[76.523791499760776,25.730827783310932],[76.516946188992719,25.783871275960355],[76.568515089651541,25.853043145527565]]}},
{"type":"Feature","properties":{"objectid":19824,"rivname":"Pennar","rilcode":"1","origin":null,"major_trib":"Chitravati, Kundereu, Cheyyeru, Sagileru","bacode":"09","ba_name":"Pennar","sub_basin":null,"shape_Leng":603125.15368999995},"geometry":{"type":"LineString","coordinates":[[77.673836749160927,13.403777754918854],[77.616573091490807,13.387562200658975],[77.607337515452528,13.413710884348349],[77.627679811532829,13.451140160403499],[77.564399764678313,13.54091295473221],[77.517650494832111,13.574270617673834],[77.52321129545723,13.611104672461417],[77.484271829071758,13.706517682928487],[77.463043471114673,13.82387925340268],[77.494995889593696,13.856039480183563],[77.50101701104461,13.89442593224714],[77.479039188274996,13.944026690688158],[77.427672943565355,13.983963399108662],[77.443517519175458,14.075586320234709],[77.393978816229165,14.183907747204255],[77.3667973449475,14.198343322563675],[77.373457834703871,14.221538985192588],[77.346226849748319,14.28128223550417],[77.350686979345383,14.345681462233975],[77.315136875906958,14.363156340526487],[77.324853056391618,14.389736238202527],[77.307204381249392,14.396297276080597],[77.282819140499839,14.445200485482424],[77.288284101335293,14.474455138145453],[77.32178093566894,14.485809626369411],[77.30790542005002,14.512334358942315],[77.319463965796601,14.524424262813174],[77.297334468060626,14.551548219815347],[77.306187416381462,14.572747709912251],[77.275785636047459,14.581685610553757],[77.293859909702093,14.604277162431242],[77.273699820539434,14.673225109961649],[77.301035802996736,14.693766045731241],[77.283207263672836,14.722103195896516],[77.331304822446299,14.856446976929561],[77.457330122218508,14.884119367120091],[77.475514831483622,14.907816163785361],[77.549822738347515,14.909336860975955],[77.575901712013831,14.937673978654919],[77.63169754281445,14.947375376880114],[77.776426818657811,14.893801054847877],[77.898155367151205,14.960202619408529],[77.959333376640714,14.94725280744642],[77.989185186585743,14.914074474143792],[78.029633256414783,14.917968077747098],[78.085216491731998,14.858623017383355],[78.170117095223659,14.854417979171838],[78.239579781621416,14.798394844473734],[78.367607546816032,14.858159427863088],[78.372552210330099,14.828298583027294],[78.39974045936772,14.804543076588836],[78.533548750690997,14.737165813465865],[78.587706150962717,14.678030267419199],[78.654718428408358,14.649542738071457],[78.694720131940031,14.605393460227372],[78.73698688957036,14.60706605071978],[78.771101969726104,14.578663026593759],[78.841795065127513,14.558958108288863],[78.921015131522424,14.46868701390027],[79.049434723012126,14.448031716413258],[79.107642477495247,14.478329379982011],[79.147723532764942,14.42184694241144],[79.208071212283841,14.466472313138722],[79.28488269177403,14.47634854288453],[79.395753786300801,14.537191506475436],[79.514929004845527,14.570880984883136],[79.599632915680445,14.549762204932001],[79.689000762639708,14.595083058986363],[79.757960692631585,14.574780108546079],[79.810780272319676,14.53061822146242],[79.843891910383675,14.476490948893529],[79.930590793008832,14.488719756345054],[79.970782233132809,14.467014542216955],[80.012979144254857,14.474635319187982],[80.043995704306951,14.495610529990422],[80.059200153750297,14.53025776850868],[80.107677744606676,14.539326666693222],[80.153761963031286,14.570875720272062]]}},
{"type":"Feature","properties":{"objectid":20376,"rivname":"Pranhitha","rilcode":"1","origin":"After Confluence Of Wardha And Wainganga","major_trib":"Pedda Vagu","bacode":"03","ba_name":"Godavari","sub_basin":"Pranhita and others","shape_Leng":115508.497772},"geometry":{"type":"LineString","coordinates":[[79.789818425310983,19.596556934667127],[79.865789097675105,19.510911203192705],[79.948132981092627,19.46847571718607],[79.973769553468287,19.416679056103934],[79.958003563409065,19.330607401879831],[79.96634475242432,19.300273171015668],[79.94978467305549,19.291136080159184],[79.921634271885978,19.217512533094926],[79.944793402017694,19.170159871901614],[79.876224850254019,19.128970076063386],[79.856745053867343,19.097835479265044],[79.875014735935181,19.0410491647771],[79.925130161356563,19.054797780983925],[79.940783344365158,19.036508336769831],[79.961424946886154,18.862573419405784],[79.911070838308802,18.826802653659804]]}},
{"type":"Feature","properties":{"objectid":20513,"rivname":"Purna","rilcode":"1","origin":"Rises In The Ajanta Range","major_trib":"Dudhana","bacode":"03","ba_name":"Godavari","sub_basin":"Godavari Middle","shape_Leng":382194.87247300002},"geometry":{"type":"LineString","coordinates":[[75.183642837413586,20.353595072502284],[75.308591925360886,20.391902283687568],[75.392395427898236,20.396476728050061],[75.449768998364291,20.361263614067333],[75.492155774278316,20.360476738979408],[75.492775125357724,20.345278510602231],[75.566030212568634,20.305438051732246],[75.597262939710433,20.302721185268915],[75.649871994915586,20.240082126743829],[75.69501917912757,20.215288077681638],[75.725714234653736,20.217523989504972],[75.748279282421663,20.173813869826155],[75.81604294081788,20.14992216015764],[75.834453364835497,20.15880033889254],[75.864717395514745,20.144625143700768],[75.918621273652732,20.1733540783889],[75.97863337209553,20.165001129983072],[76.003247885017558,20.18499075311005],[76.086089774116616,20.188689592379834],[76.090055686018516,20.159478363224867],[76.121644727473054,20.130348915935532],[76.115522063976329,20.091793679517441],[76.198689714631087,20.051486449643907],[76.252302223314089,20.050365926283604],[76.274697763829025,19.997124083458118],[76.302059758021201,19.994839279730403],[76.313078501191285,19.958267599931592],[76.400063997586201,19.907110319586764],[76.42048460704639,19.862644744926868],[76.443702730583041,19.868510340861061],[76.447866465463548,19.845514135164244],[76.493013996167321,19.842416992127983],[76.507328343055008,19.823750200302168],[76.564939555054536,19.815636567771808],[76.594555950798238,19.830232352163158],[76.611144581622469,19.790747041827576],[76.597810047193278,19.775631528669017],[76.626976387953789,19.785202260371619],[76.632323304805595,19.804862101347371],[76.643477098620664,19.773646871275844],[76.672923248516611,19.775725088712115],[76.691498331786818,19.757653816165725],[76.716615035460734,19.768406709426927],[76.731899927153947,19.715272608885112],[76.760819676945118,19.685803493704103],[76.76717790976646,19.718995621233489],[76.786659856904237,19.72873179376052],[76.791960363718971,19.6701525204451],[76.808009162186067,19.682985511970212],[76.822497331511443,19.671289660029853],[76.817567353714836,19.705987108868744],[76.850961374161685,19.706005522482066],[76.863822745484114,19.675006683289329],[76.850557051729595,19.650595321883117],[76.874689411175169,19.638886193428785],[76.868731723710582,19.623163981217456],[76.906243976880646,19.645239257393637],[76.916641581552369,19.618225137642622],[76.942897443786336,19.622688102606524],[76.969976183862443,19.54746123697262],[76.957364122764417,19.496737348213149],[76.918864641029089,19.450083968397553],[76.91981751339199,19.41572810149232],[76.892606139363849,19.381498675193718],[76.891293049704714,19.308480471051926],[76.90922985316837,19.257129347933802],[76.987800835503762,19.216061054932069],[77.011320691107642,19.188065991888184],[77.00038001870908,19.157502973423917],[77.02211010378808,19.143400109319014],[77.025630450497388,19.10799233203462]]}},
{"type":"Feature","properties":{"objectid":21578,"rivname":"Sahibi / Sabi","rilcode":"1","origin":"Aravalli Hills, Near Jitgarh, Rajasthan","major_trib":null,"bacode":"2A","ba_name":"Ganga","sub_basin":"Yamuna Upper","shape_Leng":219381.61367300001},"geometry":{"type":"LineString","coordinates":[[75.853655638829707,27.408812559248588],[75.886421796877457,27.39654846546409],[75.940254653019934,27.436130214757185],[75.999343194896554,27.428364437257041],[76.059318787410405,27.469878328569806],[76.093960615556114,27.534422540860373],[76.093951572244251,27.588492682638368],[76.244938677642565,27.626567507483809],[76.247835830964561,27.658544825081336],[76.235431800632668,27.664268150375293],[76.254370074884093,27.698470178074466],[76.238622965114743,27.755906042288149],[76.281489949220031,27.798043710044183],[76.328619905317908,27.802947356332201],[76.338583543273288,27.845600196675299],[76.40110985077348,27.849921479853375],[76.407895427501785,27.916033130430829],[76.442106053878348,27.918343919368695],[76.465845422456454,27.945683525084984],[76.514510001031326,27.948778760522337],[76.55830959378028,27.975928249206781],[76.630850101107555,27.980837271506182],[76.756332338049248,28.056137063045082],[76.75050939375609,28.102229576312798],[76.733466369712204,28.105851215216951],[76.721407557377717,28.1439919548346],[76.749025915127802,28.195355552110843],[76.733869163337701,28.214777668896964],[76.733345698857832,28.271586017463921],[76.76125149032849,28.304227639021633],[76.718405325831469,28.405701670292192],[76.748566236244599,28.440026959573206],[76.735413978551605,28.463643559218841],[76.764077686565287,28.507864962746339]]}},
{"type":"Feature","properties":{"objectid":22125,"rivname":"Saraswati","rilcode":"1","origin":"Garhwal Himalayas","major_trib":null,"bacode":"2A","ba_name":"Ganga","sub_basin":"Above Ramganga Confluence","shape_Leng":39614.906419500003},"geometry":{"type":"LineString","coordinates":[[79.416830606795372,31.070895972734462],[79.376256230601754,31.005073817607276],[79.461243630986004,30.902966657274522],[79.495218734139812,30.770148487737124]]}},
{"type":"Feature","properties":{"objectid":22673,"rivname":"Shastri","rilcode":"1","origin":null,"major_trib":null,"bacode":"14","ba_name":"West flowing rivers from Tapi to Tadri","sub_basin":"Vasishti and others","shape_Leng":66159.920371800006},"geometry":{"type":"LineString","coordinates":[[73.680301740898756,17.203477054658528],[73.611639273226928,17.212799414473977],[73.485064920868837,17.159203275921545],[73.466843255169834,17.194329974851815],[73.373152216753439,17.214555807488068],[73.364097258741978,17.236905938343913],[73.338241920887938,17.230984957131909],[73.334810490066801,17.263530020194526],[73.298442200925649,17.268898697182944],[73.291999111766842,17.289953172989506],[73.231151463041755,17.28860120084612],[73.227889232505575,17.29999453294332]]}},
{"type":"Feature","properties":{"objectid":22715,"rivname":"Shetrunji","rilcode":"1","origin":null,"major_trib":null,"bacode":"18","ba_name":"West flowing rivers of Kutch and Saurashtra including Luni","sub_basin":"Shetranjuli and other east flowing rivers","shape_Leng":178524.80053800001},"geometry":{"type":"LineString","coordinates":[[70.943765057091952,21.183467437652904],[70.923085357611768,21.185723693239392],[70.908113086452801,21.21778158860571],[70.91345195545648,21.270173976907742],[70.957239695954954,21.307685145794487],[70.990449499454542,21.302308875530102],[71.032552640896014,21.33884456537319],[71.06142780427453,21.382517544442759],[71.041031212017486,21.405546111503106],[71.059697406057978,21.443918680764362],[71.131756277547026,21.534165984274093],[71.164316845577289,21.540467266779917],[71.375361687803178,21.464980031260122],[71.419828297218018,21.453161482264967],[71.442307634188211,21.462492655079714],[71.487280250303797,21.430043535805964],[71.569211609236731,21.446062310279761],[71.672398597421278,21.439422867524968],[71.703824281987323,21.417004415567185],[71.75092070707916,21.410504845914549],[71.819632062660716,21.458212325049615],[71.914970263237862,21.477138289329535],[72.110687998971244,21.298550340601924]]}},
{"type":"Feature","properties":{"objectid":23590,"rivname":"Subarnarekha","rilcode":"1","origin":null,"major_trib":null,"bacode":"06","ba_name":"Subernarekha","sub_basin":"Subernarekha","shape_Leng":479456.00861100003},"geometry":{"type":"LineString","coordinates":[[85.214110666911779,23.335148064538696],[85.203110291559469,23.326613034069673],[85.222933369331258,23.299394504793526],[85.258897810297455,23.280386855264855],[85.3132147910691,23.280608499836063],[85.354099263854323,23.309904345841627],[85.360521532699281,23.345488677982988],[85.381453448366173,23.36495060068459],[85.437977479901505,23.385961643934507],[85.437445925278325,23.404945589488086],[85.454064056968065,23.411012469791192],[85.448961695921071,23.434762256032052],[85.541475822933435,23.458938084743387],[85.718375932133426,23.443695867257844],[85.775056365987723,23.462342766333101],[85.823221590675914,23.454709346119323],[85.843289626501573,23.4229008428063],[85.883520960684933,23.430396483235565],[85.902226221336434,23.396856198606994],[85.870820410457384,23.389005129476683],[85.88307123314263,23.350439117907001],[85.819778385392539,23.267557590517711],[85.838595957871831,23.246186299746913],[85.836878159125206,23.221444277451621],[85.864490887483896,23.221781627404447],[85.88108429648868,23.200824410642529],[85.89823628746683,23.133333463191725],[85.929292064772866,23.124759081612829],[85.928378636398207,23.097507187826867],[85.963798710979546,23.066857629862312],[86.005795434599335,23.064923520471734],[86.026402320551625,23.006814802607607],[86.013725715816037,22.920744206982437],[86.047323622403326,22.897520817518529],[86.128939139370715,22.883387506439007],[86.129581716981548,22.837510803904848],[86.155404361688824,22.842803135867449],[86.3027316864395,22.793574236968052],[86.296660830687387,22.775108537341758],[86.318309740872451,22.765033283705602],[86.309498277075065,22.737211347499851],[86.355429550039815,22.736389215746403],[86.379967574399345,22.705248837843786],[86.380942419478885,22.650024421534379],[86.479627456568565,22.573040592558083],[86.470347398357433,22.549870534648687],[86.49998049143079,22.528937133712486],[86.487152359723467,22.508466983732905],[86.594020220635116,22.425940070783103],[86.581107985536363,22.398010302613709],[86.658195576050673,22.313673490774658],[86.656273028031961,22.235623429227324],[86.66904457684295,22.243015048671076],[86.686035073741692,22.22228134754366],[86.801085099377616,22.199977464271967],[86.817234770561328,22.230560532234847],[86.855826216821796,22.201211512544784],[86.8843264683467,22.223326574447068],[86.92093913698038,22.208389215401098],[86.972198336127263,22.22281184064401],[87.001835118096139,22.170107513742749],[87.117599816881395,22.131999663575929],[87.133916380296853,22.089102160006668],[87.161960236556951,22.085221319620768],[87.212409337431055,22.023915346585028],[87.218701335204571,21.965518131339664],[87.251661764300891,21.926848807604635],[87.235054599744814,21.902713813627344],[87.253687952900634,21.867158998314824],[87.211219980603531,21.845432608327741],[87.217096185649709,21.804151842423256],[87.171290568061877,21.794062296154102],[87.159896541174135,21.773667987599325],[87.21685022080166,21.748244376824424],[87.194968918338404,21.720397335004503],[87.227260177173875,21.714658933171751],[87.239449854346432,21.68689503421821],[87.28477715823297,21.678559342996152],[87.309942846317369,21.692787730239981],[87.309492308370224,21.656289069392326],[87.337899301766285,21.651571897104763],[87.34520886681608,21.627439008345036],[87.302607929768868,21.586923439525318],[87.340206859583517,21.577606813627053]]}},
{"type":"Feature","properties":{"objectid":24319,"rivname":"Tapi","rilcode":"1","origin":null,"major_trib":"Girna, Purna, Panjhara, Aner, Sipna, Khandu","bacode":"13","ba_name":"Tapi","sub_basin":null,"shape_Leng":778957.403957},"geometry":{"type":"LineString","coordinates":[[78.262461955357935,21.782646257834568],[78.207706384795074,21.736427782745555],[78.192362550471643,21.698389864399232],[78.099501571965476,21.688956618120731],[78.083357301980598,21.672645621863545],[78.049794793511552,21.68588778022561],[78.021163939873361,21.669677108428981],[77.963361602412022,21.691956301821342],[77.924229658252472,21.736615094145467],[77.918237883516852,21.722572420342622],[77.870759291072318,21.725826399031568],[77.873101772844748,21.712181917823827],[77.859278962737804,21.72549423047192],[77.796078999881686,21.721460106002787],[77.821280573883143,21.750006224903395],[77.796555451515374,21.756450614774938],[77.812508466912348,21.77171252542799],[77.785905823613959,21.782530193447556],[77.793374611842367,21.804118231344845],[77.781156413472246,21.816259953317541],[77.646086970852579,21.810896821118355],[77.62910765014405,21.797446746510726],[77.596067667014665,21.809942342380285],[77.58432652788261,21.795313191055147],[77.496605719617349,21.821275130523794],[77.487352186433611,21.799321092964032],[77.443166479515867,21.81232176862644],[77.417788483163406,21.789942213004984],[77.403203045406144,21.806525773054528],[77.370151635084866,21.796521728217364],[77.356066302156606,21.808896756736232],[77.347383941191509,21.794228765450441],[77.298699694648334,21.818577030521208],[77.286089082158398,21.807786184649999],[77.295287223936612,21.776364343169334],[77.227715571090314,21.760185397925643],[77.205395603786741,21.721154766059414],[77.073553529683551,21.719737939196076],[76.900010428514705,21.59632463636451],[76.855259942923681,21.613566317079115],[76.833749612661052,21.589426171561424],[76.795191605835498,21.595026127450613],[76.780644087346985,21.568955252758741],[76.789550830408942,21.53555771601831],[76.710057129123129,21.46124360796739],[76.662967190205833,21.475907606169198],[76.661434940028371,21.455265330924153],[76.607427236001641,21.415997236104573],[76.568016485317528,21.438268329019937],[76.508816968313852,21.430810098535009],[76.488012248055682,21.449162835585231],[76.399371989903926,21.431820599176742],[76.341710367793723,21.402761670685837],[76.306863029184342,21.357742227367019],[76.239844190100854,21.314300003697305],[76.213453651356602,21.256949913443098],[76.187260091480908,21.265346406683541],[76.142488710434307,21.243065763118171],[76.139996670371815,21.201102019420812],[76.107802371276804,21.204301710424144],[76.097135253348711,21.170622924970278],[76.060692683308062,21.167294264008543],[76.07434154335111,21.139402819395514],[76.009145278160915,21.096987765357998],[75.981816965222563,21.101932984840886],[75.946589793155425,21.072561331879076],[75.882388163705144,21.059763099217083],[75.789189084611721,21.064548311757047],[75.617653630442035,21.127726765401086],[75.578810502492743,21.119856746175365],[75.548378423976871,21.141948973220707],[75.459986176006439,21.160305529793874],[75.4425565773588,21.178904638461511],[75.364388485069611,21.174848419935554],[75.325806787127647,21.137385654412221],[75.286204793764441,21.154485057185266],[75.219802380382006,21.152044225752544],[75.180818893974575,21.18436320810854],[75.150076543544714,21.166170112530921],[74.999999999793204,21.187859209646369],[74.971483821506922,21.223374007892144],[74.943310741369814,21.227135098587571],[74.945181710818645,21.25633507541583],[74.820052906155482,21.2863524282673],[74.793843639004109,21.310327550867012],[74.806030859239186,21.332938741192571],[74.784303313041633,21.335780512506954],[74.769665617446535,21.365689146140422],[74.707030204590978,21.376176509299125],[74.679548146444873,21.406071096326553],[74.597811363982728,21.415479632898016],[74.568866781077773,21.403394648935002],[74.44552266713157,21.447090687902808],[74.412221612824439,21.437079691786042],[74.353616449965884,21.507307979527504],[74.309433412578812,21.53057124669315],[74.254158062429013,21.508716371274822],[74.160456171923713,21.526331934762538],[74.094775456964086,21.497957322599664],[74.008039994883489,21.490405646023028],[73.96797804476941,21.459046322681544],[73.887833077519616,21.450351442629987],[73.830133071926554,21.416635711742934],[73.810773638343079,21.361292634629827],[73.714374199976447,21.320114287269543],[73.706882905191435,21.268143555944246],[73.6745047869383,21.237836603588018],[73.522541150038435,21.272750844795137],[73.453748226620377,21.263902275615624],[73.412911584057298,21.277917358410747],[73.345838444114762,21.273467515388468],[73.324804353417534,21.243368779678121],[73.284222943138147,21.255160102082662],[73.210430153292165,21.218828898701286],[73.168873524070776,21.221325282691293],[73.113125627113035,21.278139487221189],[72.976575560052666,21.31704625132766],[72.967963608834978,21.286685752418347],[72.922492613414036,21.278696459925062],[72.880236973373741,21.226759447268513],[72.809600271457896,21.254024773608368],[72.792158539622619,21.235198627728082],[72.816973645285131,21.206831424429367],[72.812445081164441,21.192226851672725],[72.720697403403804,21.142171065356624]]}},
{"type":"Feature","properties":{"objectid":24753,"rivname":"Ther","rilcode":"1","origin":null,"major_trib":null,"bacode":"20","ba_name":"Minor rivers draining into Myanmar and Bangladesh","sub_basin":"Imphal and others","shape_Leng":23967.096554200001},"geometry":{"type":"LineString","coordinates":[[94.551908465432504,25.507469842140242],[94.566974907392876,25.548141856634825],[94.551013451462524,25.580091091628514],[94.593438226823011,25.637925214637892]]}},
{"type":"Feature","properties":{"objectid":24826,"rivname":"Thoubal","rilcode":"1","origin":null,"major_trib":null,"bacode":"20","ba_name":"Minor rivers draining into Myanmar and Bangladesh","sub_basin":"Imphal and others","shape_Leng":139546.353416},"geometry":{"type":"LineString","coordinates":[[94.318056207023247,25.235606327309672],[94.309757354784921,25.161105141344617],[94.272480027560789,25.097162112867437],[94.264785797367125,25.023184109912041],[94.22267650304768,24.988416271597469],[94.231285698975441,24.973593901358171],[94.214085806914085,24.953327176123722],[94.172350113111335,24.947570979201494],[94.137701597204881,24.859879738685237],[94.14759930737867,24.84054711138576],[94.127167657343435,24.788689127847082],[94.136878473359729,24.783344596216917],[94.117419931139267,24.768789702431945],[94.124118460507205,24.705250270855792],[94.025499423134278,24.675398454115047],[93.992398105421969,24.641444246880742],[93.972859627363221,24.661302104690872],[93.944571522275524,24.635873605153137],[93.918897028737277,24.639988929283383]]}},
{"type":"Feature","properties":{"objectid":25120,"rivname":"Tons","rilcode":"1","origin":"Tamaskund, In Kaimur Range In Satna District Of Madhya Pradesh","major_trib":null,"bacode":"2A","ba_name":"Ganga","sub_basin":null,"shape_Leng":338512.0088},"geometry":{"type":"LineString","coordinates":[[80.448404378922518,23.981238324770782],[80.445751804412367,24.002270091272248],[80.542964704821586,24.075205851939593],[80.661532111220026,24.147473944945137],[80.734180368331664,24.163818040932355],[80.794519352576827,24.212941395679415],[80.810684062106134,24.248915355712558],[80.794653961501666,24.317759410134595],[80.851567806790896,24.379314814800054],[80.885360976819499,24.466368406267701],[80.875112379013316,24.513881329007859],[80.909648523458273,24.568360660571667],[81.01072590656689,24.59318622548582],[81.080963045588504,24.678758965980023],[81.157438243979584,24.70723163690419],[81.202382109004176,24.703714236304322],[81.242683918011807,24.750732132014281],[81.237733732786594,24.773998886877777],[81.267472302639788,24.773822160716605],[81.26437669663693,24.792376668201882],[81.327977102915852,24.819368114586911],[81.312529769924964,24.872674449987123],[81.366159353437723,24.924905385835121],[81.477937102773808,24.958943803311637],[81.529934186950015,24.946274014128683],[81.62031995020601,24.956142760234695],[81.660043199976826,25.053265532777594],[81.680387265535913,25.062152015995537],[81.686612589669451,25.040874060769998],[81.754799335576124,25.033833272005232],[81.808373470294853,25.075005824523135],[81.79012080340695,25.105951874054949],[81.824153874493021,25.153778588914324],[81.904398395795241,25.147178371703585],[81.942781522928783,25.188282756886814],[81.947949936216631,25.16958440982912],[81.989243562719665,25.152688088720954],[82.02328927990699,25.171939067912607],[82.037475983179405,25.201278903537638],[82.057515730421585,25.182339527691113],[82.061522800488717,25.213985769979072],[82.037804104155811,25.231276646932809],[82.057764884511641,25.253712056669912],[82.042248984658116,25.264877229145124],[82.092851514320756,25.275510271627123]]}},
{"type":"Feature","properties":{"objectid":25172,"rivname":"Trichang","rilcode":"1","origin":null,"major_trib":null,"bacode":"20","ba_name":"Minor rivers draining into Myanmar and Bangladesh","sub_basin":"Chhimtuipui & Others","shape_Leng":142450.15571299999},"geometry":{"type":"LineString","coordinates":[[93.11888953955193,23.737272994481756],[93.132222872776225,23.719772994184908],[93.117235239815017,23.681019236573281],[93.122169153259662,23.63741136469184],[93.102458856547656,23.608890441517595],[93.102668740031163,23.501039124779151],[93.068889539942504,23.46643966119974],[93.098056206590428,23.444772994580781],[93.073272985283324,23.401016746640437],[93.032301666005068,23.397315439716966],[93.047194827131477,23.367851015490054],[93.004731411701954,23.297158797915625],[93.041723732357582,23.248580409794641],[92.956199856808581,23.273365720878616],[92.914775280196125,23.256204345250513],[92.954611918244865,23.203376534106198],[92.932200774186171,23.174986553871715],[92.955871854832878,23.158908699783208],[92.95789121585301,23.118368372290963],[92.934374716905069,23.105427188996995],[92.958123110564458,23.089908870908094],[92.957299324070476,23.065751322873535],[92.933000627172376,23.049738814099033],[92.965706425622443,23.033835169672109],[92.941037212212549,22.980916761195214],[92.969396093580826,22.929593441951077]]}},
{"type":"Feature","properties":{"objectid":25232,"rivname":"Tuichawng","rilcode":"1","origin":null,"major_trib":null,"bacode":"20","ba_name":"Minor rivers draining into Myanmar and Bangladesh","sub_basin":"Khawthlangtuipui & Others","shape_Leng":109367.698936},"geometry":{"type":"LineString","coordinates":[[92.640033440349868,22.339932977670141],[92.649770723032901,22.388641716968852],[92.637496158804765,22.411204284689731],[92.653398620801624,22.422577101622839],[92.635836813677017,22.436707208545172],[92.64734202293036,22.455764856534078],[92.629834749165965,22.466210730052502],[92.637542977153174,22.496494541698514],[92.621527433842104,22.537227151951587],[92.6448715536701,22.647288335274066],[92.596383081342722,22.695733413059415],[92.583145322139444,22.791576773186478],[92.563539849066714,22.808364655214387],[92.543340378991559,22.881784272041124],[92.534159362635734,22.874992145113005],[92.523123809807998,22.937036750048303]]}},
{"type":"Feature","properties":{"objectid":25423,"rivname":"Tungabhadra","rilcode":"1","origin":null,"major_trib":null,"bacode":"04","ba_name":"Krishna","sub_basin":null,"shape_Leng":552507.49219400005},"geometry":{"type":"LineString","coordinates":[[75.675603553284915,14.014661079551594],[75.705691638409817,14.055935205353196],[75.737752315427187,14.064555015577668],[75.686747557371049,14.109360171055284],[75.718877647505963,14.147284191502036],[75.685149834470224,14.143114943814856],[75.666903284492818,14.199543337464785],[75.706213611791057,14.218330645438755],[75.644947732909657,14.251770799515571],[75.62494587916153,14.371487808757401],[75.644406892877015,14.435154973234253],[75.686614500252745,14.491179133857235],[75.717185826212017,14.472167942385884],[75.759988228451959,14.516414217443728],[75.796555054814291,14.510326494044694],[75.820820070435246,14.5714748228937],[75.80392824218751,14.599533451725724],[75.811578816785442,14.653139518076047],[75.799986665115171,14.680332259496144],[75.737590277670733,14.683735655571047],[75.762775956268598,14.734611475613873],[75.706932131271572,14.72152826654049],[75.724033609773244,14.771102306890924],[75.66394173807052,14.800678452864545],[75.704726158473719,14.864512772515852],[75.683194600850825,14.938671958158606],[75.740861749181889,14.943994453278366],[75.803534583734688,15.021646822966401],[75.90628724386157,15.058727256837303],[75.908431793482947,15.079819965421402],[75.885173201466756,15.104122903888317],[75.90579026146311,15.134309042280636],[75.979225722309351,15.151280078180086],[76.033842391508159,15.142569298754118],[76.090735302323935,15.16112909333471],[76.115172367264734,15.201318189216401],[76.158264404413188,15.196249937533056],[76.1616670344563,15.218259950552977],[76.190387128127966,15.236534211682784],[76.231194883331213,15.230323819079841],[76.218060258777896,15.194941232947265],[76.250230570749736,15.191467220800677],[76.333530960624117,15.263801385639994],[76.362437029796325,15.32355830891141],[76.493471007659821,15.344778106469303],[76.592382811914234,15.410508151311687],[76.610464436106739,15.440906655916415],[76.667763582667448,15.44980952079154],[76.71830027714708,15.491869729607615],[76.786734606140001,15.494549385925279],[76.835452936449215,15.565071360225348],[76.820969796548496,15.616207372467526],[76.905573741586394,15.694329919845853],[76.94432817562371,15.762844118484018],[77.110975662246645,15.937975506670035],[77.247994583692545,15.963066640639186],[77.384327460433198,15.938954449204052],[77.43333499422053,15.948547319139095],[77.613133483530646,15.917510290815661],[77.658925306524907,15.887164991420139],[77.695696700020434,15.88113121722029],[77.724299158867311,15.896093301746111],[77.802764214170196,15.875580098972144],[77.858782942069382,15.883342305478372],[77.885994686073673,15.906610084123214],[77.969567069564405,15.885065999713472],[78.066915564361594,15.821455212197352],[78.099702392407806,15.816478332989684],[78.130940877641692,15.828104513510841],[78.131746713057908,15.87141524515128],[78.244729041992144,15.933091127477969],[78.24851314935961,15.963924308326753]]}},
{"type":"Feature","properties":{"objectid":25993,"rivname":"Vaigai","rilcode":"1","origin":null,"major_trib":null,"bacode":"17","ba_name":"East flowing rivers between Pennar and Kanyakumari","sub_basin":"Pamba and others","shape_Leng":312175.287175},"geometry":{"type":"LineString","coordinates":[[77.376061513838692,9.527955174650058],[77.409534233885125,9.578739835787154],[77.438168484171385,9.590474834261888],[77.460383286217535,9.651862431356498],[77.490000512454301,9.659058165825218],[77.476704924932704,9.683102990187843],[77.513685520094427,9.706612239649411],[77.525424217593425,9.762164696457598],[77.489800905290295,9.818939875519472],[77.509702361440901,9.859284015329907],[77.495543759801677,9.889471356376125],[77.516869553107398,9.941381573247392],[77.509793238952113,9.999548634981709],[77.543955980475502,10.024768099792029],[77.554285215831072,10.052710716245425],[77.633704176923587,10.042653338873196],[77.679224241874124,10.081081696427177],[77.714521528653009,10.081221984048572],[77.7901382449393,10.115277759046185],[77.830387707818389,10.081880961855992],[77.85033501103031,10.089775629815001],[77.914317562957905,10.068092290126531],[77.986150267877875,9.985583239203407],[78.155203052611654,9.912444128706998],[78.273355106946056,9.820301395147277],[78.35740959686153,9.792684626936932],[78.451097801655948,9.698214110226818],[78.462772354952037,9.639932691551614],[78.521453525154598,9.578225856506178],[78.645223131935651,9.523079092084597],[78.667980917594008,9.489674823527437],[78.720158459880338,9.487008572853627],[78.725391431885015,9.449613489315901],[78.749807445543141,9.436747901096181],[78.880919716501879,9.410112926853254],[78.907017357432466,9.373312273271917],[78.98335982314282,9.329063742592114],[79.001587937915744,9.330083529891786],[78.999299676660442,9.344973957570238]]}},
{"type":"Feature","properties":{"objectid":25997,"rivname":"Vaippar","rilcode":"1","origin":null,"major_trib":null,"bacode":"17","ba_name":"East flowing rivers between Pennar and Kanyakumari","sub_basin":"Vaippar and others","shape_Leng":86539.818631200003},"geometry":{"type":"LineString","coordinates":[[77.695463355773498,9.300186645993524],[77.744367439075518,9.336455242911491],[77.848715485295514,9.335913711278238],[77.902371808883615,9.35347633453935],[77.975478855853808,9.33787855512845],[78.011805329174479,9.304279728370684],[78.01763800350956,9.257422232873509],[78.116702377146737,9.185628553153851],[78.189673546639256,9.106290430098928],[78.195145191092053,9.056671075801807],[78.232057506645802,9.03286415212502]]}},
{"type":"Feature","properties":{"objectid":26108,"rivname":"Varattar","rilcode":"1","origin":null,"major_trib":null,"bacode":"15","ba_name":"West flowing rivers from Tadri to Kanyakumari","sub_basin":"Varrar and others","shape_Leng":48023.165287000003},"geometry":{"type":"LineString","coordinates":[[77.063641952242804,10.920661009024107],[76.982691552182231,10.871013060927968],[76.965852648596012,10.852603919039268],[76.969379688614197,10.82881759191763],[76.899835387335273,10.764434250112974],[76.8161659795161,10.767363956986252]]}},
{"type":"Feature","properties":{"objectid":26371,"rivname":"Wainganga","rilcode":"1","origin":"Origin In Baitul District In Madhya Pradesh","major_trib":"Penganga, Vena","bacode":"03","ba_name":"Godavari","sub_basin":"Pranhita and others","shape_Leng":6499.6927029400003},"geometry":{"type":"LineString","coordinates":[[79.816888218807449,19.57402282340616],[79.794134898769528,19.611196258918721],[79.789818425310983,19.596556934667127]]}},
{"type":"Feature","properties":{"objectid":26372,"rivname":"Wainganga","rilcode":"1","origin":"Origin In Baitul District In Madhya Pradesh","major_trib":"Penganga, Vena","bacode":"03","ba_name":"Godavari","sub_basin":null,"shape_Leng":629777.18194499996},"geometry":{"type":"LineString","coordinates":[[79.532237213737773,21.920408035943165],[79.550566136458713,21.946390900958036],[79.504365151551227,22.070379437706134],[79.517418688205666,22.091396886659972],[79.479761997985904,22.087612751259094],[79.454715755624804,22.159865221647184],[79.457883331538909,22.184473125988205],[79.528977934459022,22.238578204072944],[79.530098096708073,22.283994134954394],[79.508871957007287,22.290986741376869],[79.518258292782292,22.305887225559097],[79.468741773230462,22.318180913837679],[79.480502769842445,22.36081189943712],[79.512390120397001,22.390687529935867],[79.549047346831813,22.382341071261639],[79.57710171737375,22.339177305085304],[79.6661416173189,22.378012427858671],[79.633315159423333,22.434338154881235],[79.689966861827088,22.458455329506634],[79.724072815499312,22.441827569320111],[79.742416435347096,22.402842885197106],[79.770091564428,22.40590649279633],[79.774550956008767,22.38435786450588],[79.816425805547027,22.38999900682947],[79.831406955178281,22.363627494888309],[79.906769818339129,22.386385035071385],[79.957808068296501,22.36912624556647],[79.998167586599124,22.401598418794226],[80.069575452208014,22.37590211704169],[80.100806539510927,22.333814706267152],[80.080723823005741,22.296094913241692],[80.100263752587182,22.247010500585592],[80.032497080203342,22.179824564698492],[80.070475252220717,22.056782743831189],[80.117261029040307,21.999414754635055],[80.109378832314917,21.948536351367778],[80.175164580924218,21.90297680977568],[80.157938074529667,21.804930234208516],[80.19439971134581,21.779488489027433],[80.170674849593709,21.76564537422642],[80.193961778992801,21.635632446533549],[80.152914290978373,21.605144922013654],[80.116468483163032,21.609453122665961],[80.11630087125306,21.591554793618538],[80.063824691569778,21.552011306372687],[80.032066048843731,21.558158012671395],[79.996275725622979,21.532579731424324],[79.96805467260657,21.559669587270868],[79.930828402111374,21.555320338518843],[79.929678197616141,21.496141789435352],[79.887223457483742,21.455352864720215],[79.882780382422638,21.426757276331085],[79.792362000706532,21.381055498326084],[79.798592813395615,21.35629886527223],[79.745010632333418,21.244089259977027],[79.689082674684457,21.222304015098729],[79.684362307060965,21.1565816000263],[79.632790685657341,21.135942704200989],[79.600150328873411,21.09893613634317],[79.601757322293409,21.060442436171584],[79.657128825522818,20.964942728023711],[79.64637390737343,20.925633492335258],[79.608517943905554,20.886387828216364],[79.636353936445616,20.802373203572436],[79.712212728671773,20.750917493504634],[79.785982938460677,20.726543870995979],[79.800121405610668,20.697681161631806],[79.832604873280246,20.679483060956535],[79.889007910521187,20.693337319289057],[79.918064922083474,20.678857616856018],[79.943774913679832,20.633017220410057],[79.925935473825632,20.553130191771846],[79.952554216679161,20.528708581532079],[79.938831278142359,20.437736543267008],[79.962876549528929,20.413379122292124],[79.959421002552645,20.376287045759053],[79.973730666029326,20.356058910072687],[79.94096953692484,20.290285320083182],[79.995714768002813,20.222350584269638],[79.927072995351537,20.183541896651288],[79.910427823405854,20.144794458013312],[79.968865728970229,20.116095121439326],[79.990867978319187,20.041343533168007],[79.916868214387819,19.968483851982395],[79.872234230048377,19.982379478478208],[79.849808881294592,20.031315918563173],[79.811698219849745,20.02684804774006],[79.776440019582964,19.991656540371451],[79.770543942336587,19.964104632807196],[79.802551543061256,19.888884968151565],[79.740565100002001,19.819555193074176],[79.752471991061213,19.762868281345952],[79.784326146636204,19.717330302039173],[79.794134898769528,19.611196258918721]]}},
{"type":"Feature","properties":{"objectid":26427,"rivname":"Wardha","rilcode":"1","origin":"Origin In Baitul District In Madhya Pradesh","major_trib":"Penganga, Vena","bacode":"03","ba_name":"Godavari","sub_basin":null,"shape_Leng":533600.12405900005},"geometry":{"type":"LineString","coordinates":[[78.426276562168539,21.82023369126231],[78.394828376180527,21.80066842156744],[78.379726550735271,21.74395753283056],[78.355032714715534,21.723939443341415],[78.364625113581695,21.713598052483885],[78.348752737741407,21.700999212826265],[78.309516522488309,21.719800831248573],[78.305437878479381,21.671067807901615],[78.28955101654708,21.670175906776105],[78.309013253209784,21.640188906055116],[78.326561812852731,21.646701111247769],[78.365503432551705,21.612252269459439],[78.426899475010629,21.599659990990521],[78.423891142065386,21.54350268618688],[78.439115403388485,21.516887312624643],[78.428116920834597,21.476260860496161],[78.448103636000027,21.403434911386007],[78.407508629833004,21.381052917896525],[78.364312002475515,21.3939043691338],[78.363641228000276,21.382306371222352],[78.34580875760156,21.386702564649919],[78.23370684152529,21.327684685511024],[78.156117591034601,21.331970672873606],[78.084561535292394,21.359488147301988],[78.052212417942727,21.257024537631036],[78.096736743260905,21.200409339598203],[78.091907032892109,21.17876827135931],[78.144087172429124,21.138378340838933],[78.127718570915405,21.115268473873812],[78.150972102126005,21.07595015305365],[78.136457720974335,21.038125206445599],[78.142478867592757,20.953064028416552],[78.1686206421072,20.942070109140136],[78.181785790910325,20.904519596075886],[78.246892892366802,20.891450769350669],[78.292169716482604,20.827738181005429],[78.309925256659213,20.834320544814688],[78.31737179939509,20.821151033585839],[78.293315714307496,20.800259534075121],[78.311918056322057,20.7374224208016],[78.299937272792263,20.702713708638747],[78.277179724492072,20.699206619670804],[78.248801335090619,20.645906673479558],[78.262867357499971,20.578321935729651],[78.407185209310398,20.512625411795966],[78.508644158999729,20.524736306817765],[78.562643129441582,20.440467498055771],[78.646774158593885,20.434971266974127],[78.68904465159676,20.35922945759501],[78.707363576080098,20.351269663442782],[78.708175593919918,20.310191496375836],[78.736740743961533,20.293464772443517],[78.799847915534329,20.299605361200463],[78.820118795719651,20.2766682182389],[78.817693731940565,20.249853003463858],[78.921060124961969,20.254656861528257],[78.962844148958979,20.208455704903844],[78.953551416552926,20.172135617643118],[78.981696807698867,20.150359434351156],[78.96934837441691,20.128500225023775],[78.999530285172327,20.127176393709398],[79.047532821106003,20.08781577131311],[79.044827211087735,20.068939078988905],[79.067440978046847,20.070948352114115],[79.081621189589342,20.024818725724895],[79.108258158337719,20.008897117824642],[79.092029503007197,19.915984083354804],[79.146610680928632,19.896656780069552],[79.172945924345242,19.908287454363741],[79.197455210505694,19.89437824193692],[79.243836203544774,19.898717703920184],[79.334817014029298,19.856696251629316],[79.332985171644381,19.836123145204393],[79.356274544479191,19.818876070676684],[79.408626862896369,19.812694648144241],[79.491937074688067,19.764212168152579],[79.488276850568511,19.688912765918609],[79.468381237154418,19.667867985219853],[79.503478971843847,19.594195723469422],[79.482887106186467,19.560568501908595],[79.494780127109053,19.539932517647664],[79.541827019701927,19.554687709900559],[79.552153369609059,19.525476915333964],[79.593927638642711,19.50692035042486],[79.632733294798783,19.57607846018908],[79.707712806714312,19.584098431937129],[79.743994134208421,19.608920000135839],[79.789818425310983,19.596556934667127]]}},
{"type":"Feature","properties":{"objectid":26662,"rivname":"Zungki","rilcode":"1","origin":null,"major_trib":null,"bacode":"20","ba_name":"Minor rivers draining into Myanmar and Bangladesh","sub_basin":"Imphal and others","shape_Leng":52382.227517599997},"geometry":{"type":"LineString","coordinates":[[94.755688711105506,25.782530198031175],[94.78718459732076,25.824276605261236],[94.810591281187243,25.824729025908262],[94.808741208220908,25.881961919604361],[94.828998373953524,25.895782327183362],[94.885884312562283,26.011609650400157],[94.931253308488863,26.048082690015242]]}},
{"type":"Feature","properties":{"objectid":26682,"rivname":"Sharavati","rilcode":"1","origin":null,"major_trib":null,"bacode":"15","ba_name":"West flowing rivers from Tadri to Kanyakumari","sub_basin":null,"shape_Leng":134190.00986699999},"geometry":{"type":"LineString","coordinates":[[75.143922591357224,13.719693247016986],[74.999559611813467,13.920213810401149],[75.012054351280057,13.977537423282536],[74.950834127885102,14.000218762952498],[74.900982619914998,14.053100964488738],[74.880213085940639,14.165584045358676],[74.828795306088736,14.187876328192957],[74.819837554931752,14.230364293425469],[74.792238429403568,14.226334949644611],[74.72151880003274,14.265888101243309],[74.673946736968247,14.250646596676637],[74.668622167375659,14.23025044306606],[74.527931282173611,14.234646522966898],[74.421356811225237,14.296158969112238]]}},
{"type":"Feature","properties":{"objectid":26683,"rivname":"Sharavati","rilcode":"1","origin":null,"major_trib":null,"bacode":"15","ba_name":"West flowing rivers from Tadri to Kanyakumari","sub_basin":"Netravati and others","shape_Leng":38202.082621599999},"geometry":{"type":"LineString","coordinates":[[75.187432173288002,13.843832399929036],[75.192071117856756,13.827463964826398],[75.177392258438545,13.819315467216589],[75.055091066121207,13.883094687480366],[75.052709967191831,13.911702141956853],[75.020460471735063,13.94171715316276],[75.025769703478247,13.972257225908795],[75.012514910241208,13.972322536665551]]}},
{"type":"Feature","properties":{"objectid":26722,"rivname":"Gomati","rilcode":"1","origin":"Near Manikot east of Pillibhit district of Uttar Pradesh","major_trib":null,"bacode":"2A","ba_name":"Ganga","sub_basin":null,"shape_Leng":932729.11506400001},"geometry":{"type":"MultiLineString","coordinates":[[[82.034598794007735,26.380916487619093],[82.039521789459101,26.35545225643261],[82.051348514580454,26.362145926028145],[82.051758755961345,26.319341277657738],[82.071319255820541,26.316527881290032],[82.067977298531716,26.336172855660227],[82.095633567525127,26.314885309724335],[82.06383315473883,26.285571520776134],[82.069720984800028,26.273585319428079],[82.094505646535382,26.268504166441893],[82.087155290063905,26.289397319374277],[82.124499101244524,26.289580498749253],[82.107175622155211,26.262872197269871],[82.143943681980787,26.262985374843744],[82.154321156244762,26.22591895458827],[82.168857340610984,26.230609707163715],[82.209332943787786,26.198806325352027],[82.197541570816313,26.187216232333064],[82.227926889918052,26.17502903777325],[82.289949428177067,26.216679115055818],[82.304966843109185,26.181335868316598],[82.278402789789098,26.177607251118651],[82.346434227154873,26.156941542138252],[82.342379642892979,26.119574212094804],[82.378766124334163,26.104320890059562],[82.374000105231062,26.066223524480208],[82.398151598788431,26.044939994521329],[82.395836309275012,26.012161931365995],[82.474393158534298,26.000758829230453],[82.487347223388582,25.974357210414354],[82.563407730833504,25.962832717847039],[82.570089151544707,25.935187140139128],[82.541971238291225,25.92758364218664],[82.565575373831848,25.914585154899058],[82.595586812247717,25.86139390353166],[82.579929823307708,25.827591173852426],[82.60462579791664,25.815301933959262],[82.610886731435443,25.791283682838003],[82.64569706394289,25.785988474929631],[82.669035450898406,25.763751409954907],[82.664767007895506,25.7486449161587],[82.709939263709543,25.736570920744487],[82.723841182431173,25.756080938003123],[82.740595979037295,25.7384444603403],[82.732417454525901,25.704546228707311],[82.755968576510227,25.688507784890643],[82.764436690409866,25.704435595140314],[82.792014981747343,25.699774146416036],[82.808625775628911,25.672796299428075],[82.792586121003865,25.663831638187588],[82.813323265422994,25.637277230470794],[82.854564042109544,25.642546997688886],[82.888778008929734,25.617604533631539],[82.919374110057063,25.633823016101541],[82.923868929863346,25.6132973551798],[82.965784626670029,25.62260664352446],[82.961646452485752,25.599991275826206],[82.982413506059999,25.574904119306211],[83.024497040012548,25.575606764179938],[83.042855461477643,25.540612824471793],[83.067607770949948,25.554822312996912],[83.078006607520337,25.537550035138256],[83.064201263229606,25.529272337147468],[83.085198868586019,25.492235336040014],[83.117614429844096,25.501635139468199],[83.099727105899731,25.511485138243224],[83.103305528833076,25.526708404402463],[83.131918754155166,25.507043208251883],[83.171837639552663,25.507963643572417]],[[82.032227295923661,26.384734283296062],[82.034256486043247,26.385078449718197],[82.034598794007735,26.380916487619093]],[[80.126833321628325,28.620575271237378],[80.110301651121119,28.586400281445879],[80.074483484859726,28.561157969276707],[80.067603723294582,28.527153840902194],[80.096486438312382,28.49113969537941],[80.100466012580696,28.438396816160949],[80.125624667112021,28.408110690660699],[80.116047481617699,28.385204216515419],[80.154430051646145,28.357678541371175],[80.145882907516977,28.323989333460879],[80.162919969290925,28.302073538156844],[80.163002554833071,28.18262927450116],[80.202392690443077,28.153795681107095],[80.214077201746704,28.12104449265404],[80.20156826794522,28.085068217225938],[80.240226777173277,28.049458008796044],[80.253066739283014,27.976833356109353],[80.29129818340094,27.919416230901493],[80.284452115299274,27.881750557953048],[80.321081510329748,27.849525164016889],[80.268421075987405,27.784070578625428],[80.265851414052165,27.7585340363058],[80.265799877473256,27.734231528547557],[80.284598810443569,27.729548182517533],[80.279160170544245,27.709670254951451],[80.310673257285856,27.681288226361875],[80.312453746684881,27.642151361574715],[80.299181623080258,27.633253639321463],[80.306185941647286,27.605322442691161],[80.324678814423009,27.600036280665638],[80.306575749854119,27.575493216527594],[80.355909575571374,27.480444186565304],[80.390938894747308,27.474510728060661],[80.429896625196875,27.422084943466679],[80.422400115329992,27.413163810110376],[80.451453158698527,27.400328624853419],[80.453365441608199,27.371296322733773],[80.46768974200404,27.367077994207762],[80.454113099020162,27.340705914173157],[80.480020738914689,27.345722152229136],[80.502073234183953,27.325621936129938],[80.494229157158728,27.312577306899144],[80.516835227454507,27.260925434512433],[80.558047707657622,27.269367153725696],[80.570107941169482,27.293866903329551],[80.600426337766265,27.260230223981974],[80.618504902084126,27.27186144725793],[80.629328605481774,27.251279545416917],[80.6508113191679,27.260294930168655],[80.641907944895564,27.247124841127977],[80.655534756257637,27.226186678129729],[80.693714918120321,27.215300983622644],[80.725030962416341,27.235844852450409],[80.76817456022961,27.199331661670691],[80.797522511275261,27.199400007894223],[80.80983578262196,27.1570875359998],[80.823827963680102,27.154340276578392],[80.801404865891428,27.129926211228483],[80.80593382952118,27.11056671981305],[80.840299813256934,27.103675629331896],[80.831863198940013,27.070337672328229],[80.849377716497827,27.034681173165495],[80.820243589386578,27.017192488188638],[80.841425410088902,27.018717642407228],[80.823870357439617,26.994938661375393],[80.844974003098613,26.980954636355605],[80.831771329556261,26.981063932418714],[80.823498004258653,26.951183623492156],[80.870193897151822,26.933077065776644],[80.862074860417096,26.916987094801694],[80.886117357806654,26.905557155159848],[80.885317386237517,26.889426479250073],[80.911747304859645,26.888993809820846],[80.935009919934302,26.858345482305328],[80.967348652046738,26.859240643058548],[80.969555122697784,26.832304209048456],[81.046781616007166,26.814591750049217],[81.099487321468757,26.840197897741572],[81.132605423140149,26.832309750079954],[81.141052811946295,26.811632519458616],[81.1651530371104,26.808706838250647],[81.158105889461368,26.776272717200253],[81.179259328783218,26.785679526436365],[81.211404432378373,26.722339175500963],[81.214248578438912,26.742258300299131],[81.243563148193942,26.737705238427765],[81.27758724481437,26.768567892703651],[81.270041078821535,26.722426951276805],[81.253997483724007,26.714702963338954],[81.291753967255104,26.695734334799809],[81.320473244329676,26.701902487499215],[81.344154132053816,26.655901639399545],[81.385365980627554,26.690481973724662],[81.426759347289803,26.639160616075348],[81.45737071581695,26.654712094384497],[81.446322919348177,26.678901591242003],[81.494532462722745,26.641644329727907],[81.52128623684402,26.653334327735539],[81.535270379219355,26.696265916596726],[81.544477066960525,26.683651347246492],[81.589204004712244,26.697246832336756],[81.601393836351278,26.678262703205348],[81.571402268822482,26.684140021161689],[81.544861539138054,26.665103401137046],[81.544961623892235,26.644425642629876],[81.566171910830889,26.649273262436871],[81.567678153437271,26.665960107781387],[81.619594077522365,26.622850437229577],[81.64201615375994,26.639570184053476],[81.663100588175539,26.625947066811616],[81.676763900600861,26.604137846941679],[81.649180408627316,26.608992464674721],[81.648281516804786,26.584461789158496],[81.703835601749674,26.582784047169184],[81.697734082331351,26.542743225910954],[81.674158891583971,26.529117970960719],[81.737948319304465,26.522447086616605],[81.742242166258819,26.493219468131041],[81.769082082942504,26.484917726729268],[81.761559947351728,26.47078849849661],[81.783800867661384,26.429733632600087],[81.805526809255781,26.43847852243125],[81.845667956453241,26.425132333917393],[81.849010575977246,26.397453010311594],[81.870725458958432,26.411007595377651],[81.887461701919108,26.382965379276246],[81.938102954949116,26.379440611606395],[81.948786954155239,26.352826699828857],[82.003134293601533,26.382183398809325],[82.034598794007735,26.380916487619093]]]}},
{"type":"Feature","properties":{"objectid":26723,"rivname":"Bhima","rilcode":"1","origin":"Bhimashankar, Pune district in Maharashtra","major_trib":"Ghod, Mula Mutha, Indravani, Nira, Man, Sina, Kagna","bacode":"04","ba_name":"Krishna","sub_basin":null,"shape_Leng":864507.43654100003},"geometry":{"type":"LineString","coordinates":[[73.535801961013831,19.07375259344818],[73.552565294587467,19.043034230814275],[73.711020776591866,19.016044497805559],[73.795298503368926,18.958472349091604],[73.945826985178144,18.769596549892391],[73.953007427429483,18.724283779433581],[74.003225116164089,18.716656804185604],[73.996717239486216,18.670870442061766],[74.045910215187988,18.658725933163499],[74.075969224457083,18.624534111860875],[74.097203453612465,18.631960615537171],[74.148378041837631,18.60164840943834],[74.171023446447279,18.621233972194823],[74.207687575538984,18.616803341473194],[74.22301602892918,18.64757710063196],[74.276520361641005,18.672361671339118],[74.264731015457713,18.629848406651387],[74.30993469965415,18.625896664342111],[74.323953968511134,18.575919844035198],[74.349965564346633,18.559466515645525],[74.40041078661649,18.574697688062173],[74.468017328594556,18.52265679725641],[74.48343994985126,18.541723148945607],[74.509262202168998,18.492125781194741],[74.542353246221566,18.509903923657038],[74.582568061875492,18.471972830062622],[74.646187580011187,18.449441047347822],[74.675282536220266,18.463127974443509],[74.655580439327267,18.476121469785461],[74.659628872688899,18.489295031813278],[74.707165678395484,18.504776116574828],[74.727743460966508,18.482860306160543],[74.716582010509072,18.428454674109847],[74.730141875454265,18.401407188530381],[74.779193015745136,18.409356707118427],[74.808468841145682,18.383875020265656],[74.794280219049725,18.353765591019979],[74.843639556113217,18.306727984282748],[74.834961523963955,18.29414196818259],[74.797729968295968,18.298989914569585],[74.800356176821211,18.273982201858399],[74.824673946145808,18.25507021708885],[74.944592401697065,18.263453197672984],[74.983621925425723,18.24249412082079],[75.042743275701653,18.263682960299505],[75.017303166574166,18.200427912552229],[75.098326970721729,18.210752957927955],[75.096340027263409,18.13872967164388],[75.150110650504644,18.113971930712967],[75.130574560178815,18.080497945092379],[75.095899882074718,18.070708223883052],[75.080809529683236,18.039384302474939],[75.050092185802654,18.022231056434254],[75.021137766005538,17.96395573266707],[75.054487855013491,17.95242205066857],[75.06992101965038,17.97950597563856],[75.101197659054606,17.976200444602938],[75.116189272893308,18.001579225501263],[75.134651782563196,17.971574031638855],[75.158648679480109,17.976093060408239],[75.168339524239656,17.948964482219992],[75.198269663778134,17.948154486408793],[75.128351077636779,17.881330035134141],[75.144235926037553,17.866437077757777],[75.197427887020837,17.879823447358387],[75.212965336696811,17.851413796589782],[75.178194597049952,17.827742681837233],[75.162714997819322,17.782616725219299],[75.207581656271131,17.757066084833696],[75.273330113176328,17.762265199590978],[75.311789712694704,17.728333193868384],[75.309817233042168,17.693562171106578],[75.336164241026182,17.688767674491245],[75.347508881055546,17.669101888859331],[75.391331573106257,17.695891714524421],[75.425776723068978,17.681432439488365],[75.455214303254863,17.708751153413871],[75.451741837719226,17.646325125549172],[75.520013652361527,17.647458019797174],[75.501403198482151,17.610615825508724],[75.549293132999338,17.598789264214652],[75.548899518651709,17.567000525416308],[75.56410955554648,17.570923843560081],[75.578945499116969,17.547320977475454],[75.598749769745325,17.559046346602031],[75.622695366089999,17.529824962691443],[75.65423054416101,17.540881583159901],[75.626229857745471,17.487327656778326],[75.676945010188973,17.455699407784387],[75.690696687622378,17.408344650949573],[75.733226071176588,17.420861796848065],[75.804844654946763,17.368063448402015],[75.821388720191692,17.421152441965802],[75.850864097375933,17.411111702482057],[75.860447919180473,17.385277897837991],[75.884818887319028,17.418352172114957],[75.891266281448353,17.356483855789513],[75.931857498484248,17.321585956031857],[76.059234221095096,17.356141604323465],[76.073021568466956,17.332316724423325],[76.066316877647083,17.309540684669805],[76.099067694475337,17.290862568273603],[76.088011221032176,17.258314814744928],[76.123870482933171,17.247775835829774],[76.188924494715309,17.185834638620914],[76.220829501607213,17.186020038763449],[76.242498662219703,17.14999450451764],[76.361250931446421,17.185256047649361],[76.358433076798391,17.141537413570262],[76.39490270476486,17.14203862970037],[76.362140264021704,17.11337183775218],[76.389101738098816,17.097418760971276],[76.390786517811392,17.070494927121832],[76.42877499226789,17.10167597068579],[76.42106637461184,17.121733220879932],[76.45354975121198,17.129016956152924],[76.448140157473176,17.147353179795669],[76.492350415588831,17.138466067564739],[76.519492775954916,17.176232819859557],[76.553379106454273,17.186482213289999],[76.578039703993824,17.172915903255436],[76.554726044819702,17.130959099928766],[76.521175699414044,17.122613613445601],[76.512261045537059,17.090735659433204],[76.572906014593812,17.108232433109706],[76.585813768758968,17.087065056411241],[76.560110761795968,17.061316556420536],[76.602227087292945,17.058202410812619],[76.605949826384119,17.081461165763393],[76.659163933540981,17.090736474284856],[76.696700033115775,17.060336962815203],[76.700063921271365,17.098796132265381],[76.738018854013319,17.153916415893828],[76.769539772172877,17.162260719824456],[76.775989753612848,17.10398754418544],[76.761507833536299,17.091001543505232],[76.811494711224483,17.046091384451511],[76.838383489464405,17.046054587923457],[76.855062014198523,17.06563517477408],[76.8844992194485,17.042849271916261],[76.926943479836893,17.039914434978709],[76.913016740372839,17.015025830312329],[76.939808710939801,16.985712609499991],[76.931416928340994,16.950174976966693],[76.953193248160247,16.888545222822543],[76.902415401080034,16.855798999895871],[76.908925052696389,16.819339895701869],[76.939431355347168,16.833639318190802],[77.000107704955795,16.813741297431264],[77.070543393642282,16.746950719757166],[77.131119624678163,16.731763130715773],[77.15331563962495,16.687085487652514],[77.132998246372551,16.646394357610937],[77.160976727340355,16.64622661638851],[77.180949806463104,16.623152772963294],[77.164692565747714,16.597511680813039],[77.172579064412417,16.556473077188752],[77.19923790171319,16.544467203959478],[77.204422878671366,16.50250432085204],[77.233668602205739,16.492991960115639],[77.283059999744808,16.408230853799608]]}},
{"type":"Feature","properties":{"objectid":26757,"rivname":"Betwa","rilcode":"1","origin":"Near Khumra Village In Bhopal District Of Madhya Pradesh","major_trib":"Dhasan, Birma, Jamni, Narain, Kethanm,","bacode":"2A","ba_name":"Ganga","sub_basin":"Yamuna Lower","shape_Leng":658822.63485100004},"geometry":{"type":"MultiLineString","coordinates":[[[77.350695940579627,23.040044109600135],[77.384165148961287,23.045954896993333],[77.43168573268153,23.083334324988979],[77.488664839130493,23.060970019659834],[77.512443654689449,23.075067890444252],[77.553120321396662,23.06357783210672],[77.582955110613753,23.073547063888928],[77.575365003722126,23.10119111453923],[77.648578640421121,23.175059312337531],[77.654020934835273,23.216511068978715],[77.681728012902283,23.234373084796097],[77.675571193821952,23.268629451482393],[77.713381928654897,23.322378099880829],[77.730258225131706,23.447674377773897],[77.792147918438616,23.499119884481605],[77.774464488630429,23.527454156525071],[77.822448196926999,23.558569644803391],[77.863902277272317,23.620551905462392],[77.864398697018814,23.650950064758366],[77.839720739652719,23.665984497451944],[77.847758410174706,23.710661152053557],[77.829255077408845,23.731561782127972],[77.84216024741913,23.792383314469713],[77.897085439175157,23.8774618948813],[77.915162025439713,23.876630960048161],[77.925211299844079,23.903032079540711],[77.944291572872032,23.898677978111756],[77.980654128519731,23.927992360330993],[78.008405924890837,24.010306610396061],[78.039393675004362,24.050648341628481],[78.020768729823203,24.060825909315607],[78.041954119243869,24.104967990672197],[78.028473830699056,24.120435387337107],[78.034191985090303,24.195169672118208],[78.070387657165412,24.248760405485839],[78.098263061506827,24.260842019092973],[78.089758040423163,24.318264602818356],[78.144810383548247,24.354881356921645],[78.164666008362474,24.39728171300326],[78.264268256949791,24.441624151689616],[78.274709211130258,24.474320877959308],[78.245339855908952,24.486727151040533],[78.247334136910325,24.506443781995262],[78.225973190873006,24.527318468425118]],[[78.225973190873006,24.527318468425118],[78.239300194887036,24.542226383352219]],[[78.225973190873006,24.527318468425118],[78.234693516218215,24.533830443341721],[78.239300194887036,24.542226383352219]],[[78.239300194887036,24.542226383352219],[78.270802636819951,24.573036509137641],[78.275001126719076,24.665343800195572],[78.233847233505145,24.741057910109877],[78.234293266942501,24.775204169546498],[78.198861642274778,24.83697209310732],[78.173401641870484,24.846247556149368],[78.168444789910225,24.878022402776676],[78.336228756824951,24.997871600853408],[78.346112554170006,25.062604769474163],[78.400787187337173,25.126141621439427],[78.465201234938164,25.13111771629433],[78.529329663858476,25.178947236735866],[78.594486520223199,25.267892623667535],[78.602255175744745,25.307679684615181],[78.649692875017323,25.347289456393479],[78.661700825973782,25.388723695249812],[78.722654151050648,25.441280434090928],[78.740555815674142,25.498020895200071],[78.780396780071086,25.510293198142886],[78.787375057523903,25.529925267475861],[78.817908610746741,25.517774034103056],[78.85858093647866,25.526191603113858],[78.881723938546344,25.553432179501449],[78.91494633383995,25.563083375543599],[78.913805179584756,25.601098982578261],[79.00612790974138,25.671291525370236],[79.020216519953479,25.706750992479982],[79.042127943204051,25.710809100023244],[79.06255052079203,25.75127710878715],[79.052106151052854,25.764443636851105],[79.097218144708137,25.824819819553092],[79.212301700235358,25.788667897506336],[79.239601163048434,25.805374747055996],[79.26732113960206,25.792903615854943],[79.29759485100638,25.820296364858692],[79.292094672917173,25.783822661921878],[79.326645232222745,25.767147906281849],[79.353169026655962,25.790406073387405],[79.394219844920315,25.793017955285165],[79.400170488599457,25.807773580853929],[79.458004992979696,25.788300400839212],[79.458245699339258,25.820265991858804],[79.495638373914062,25.857609507952589],[79.554766875766745,25.823983619913882],[79.573873364270028,25.862985607350918],[79.527978939197865,25.864386918737068],[79.519473594967465,25.886906251339056],[79.611058870493295,25.898064433766443],[79.602707522968004,25.922215878443996],[79.617759624486041,25.932385880848784],[79.657059765965897,25.906242214844205],[79.68998426067094,25.925651552043988],[79.711782151940383,25.905002033269344],[79.746333341069615,25.909394839638498],[79.764123429668302,25.876217760388791],[79.793743926064835,25.863698532375242],[79.81114505553974,25.872378575070204],[79.818934914010129,25.912261915476762],[79.855228531924155,25.880093973038854],[79.894049099515144,25.892978451683902],[79.916426861031056,25.872835809383425],[79.971289966362491,25.907813129860347],[80.007722105730011,25.876475071934195],[80.026832278902432,25.898089735072663],[80.066799110886123,25.897517833547976],[80.129053537020795,25.953490933054713],[80.17720013392227,25.917368196526112],[80.214532909407211,25.91877707642233]]]}},
{"type":"Feature","properties":{"objectid":26810,"rivname":"Yamuna","rilcode":"1","origin":null,"major_trib":null,"bacode":"2A","ba_name":"Ganga","sub_basin":null,"shape_Leng":1609248.01697},"geometry":{"type":"MultiLineString","coordinates":[[[81.582534574582027,25.3125366638541],[81.652380100581581,25.353208361140251]],[[81.582534574582027,25.3125366638541],[81.628200841511884,25.350971021968341],[81.652380100581581,25.353208361140251]],[[81.652380100581581,25.353208361140251],[81.732357269769807,25.352312373867072],[81.79457022105413,25.321284494475314],[81.813731660380213,25.340422716157633],[81.799554165801538,25.366098151337162]],[[81.799554165801538,25.366098151337162],[81.800224393314338,25.390089339116809]],[[81.800224393314338,25.390089339116809],[81.791235111389341,25.376445703377225],[81.799554165801538,25.366098151337162]],[[81.800224393314338,25.390089339116809],[81.850120524146163,25.424354697603761],[81.890690524993147,25.41442938010432]],[[80.492533303969964,25.888429304820544],[80.545533455427034,25.878122267014994],[80.553825941537738,25.857687280509857],[80.534639244208904,25.83708637779851],[80.473421377454684,25.836636959318135],[80.467053875123625,25.818134952114697],[80.522428079987492,25.773730383298542],[80.574729577159644,25.784778582679067],[80.562057854403534,25.719237539830775],[80.646745361397578,25.708609927717607],[80.712111861669968,25.680569239739306],[80.776425680087655,25.688478309159482],[80.837019219684706,25.727442569514494],[80.861723104464431,25.678902517133249],[80.946896600692952,25.685327494787767],[80.943341131592845,25.629343577423757],[80.95728375612957,25.60829453099262],[81.03201447963086,25.631244079481],[81.031415096327535,25.593605465926565],[80.999067487899268,25.566690045433489],[81.038399428357735,25.530150509355639],[81.183346882349198,25.490448837022281],[81.194740035054636,25.457877800499617],[81.149558208663393,25.42356402907976],[81.150088462694853,25.396042915432997],[81.242590104115152,25.359532085181442],[81.261679535379287,25.329277199336378],[81.334683366473143,25.347234820176837],[81.384669571104808,25.335350654005623],[81.401855896905303,25.314191708637985],[81.385084126242432,25.274585563635984],[81.452243783747988,25.256774213628237],[81.582534574582027,25.3125366638541]],[[80.453705783054602,25.905374466504252],[80.492533303969964,25.888429304820544]],[[80.453705783054602,25.905374466504252],[80.459223745862943,25.905449584653979],[80.461779596178658,25.905137741329959],[80.48681730941631,25.897971577604157],[80.492533303969964,25.888429304820544]],[[80.086483170843366,26.068995025951178],[80.111494803626044,26.048198763711337],[80.082227500732259,25.999778797696244],[80.193538904793826,25.945948344977744],[80.214532909407211,25.91877707642233],[80.269048222493183,25.931951769137559],[80.311152692336165,25.887805450251729],[80.373262510679993,25.912054720385015],[80.453705783054602,25.905374466504252]],[[80.006331564381739,26.065316020970261],[80.086483170843366,26.068995025951178]],[[80.006331564381739,26.065316020970261],[80.061860801292269,26.075639347775979],[80.086483170843366,26.068995025951178]],[[79.752235069863431,26.155211449560944],[79.740966872809025,26.137839563984411],[79.744750768251166,26.133434407769375],[79.753203961686935,26.130943873134282]],[[79.752235069863431,26.155211449560944],[79.753203961686935,26.130943873134282]],[[79.753203961686935,26.130943873134282],[79.787622337066779,26.108660706718812],[79.832901764575666,26.100711269787784],[79.865829411419526,26.115643916461838],[79.909992381545521,26.0917605912982],[79.945901946650224,26.161960130408367],[79.966993651163179,26.134356351578674],[79.955917017709538,26.076987038412248],[80.006331564381739,26.065316020970261]],[[79.243882138020666,26.528137508534911],[79.247193685174665,26.51250861276505],[79.291869635475351,26.527364252087196],[79.305854221560409,26.517329520178759],[79.252924880115614,26.499129489897779],[79.26652144340774,26.46982967262359],[79.216899084600001,26.446518230351924],[79.215824392473905,26.432445275989753],[79.298403263015103,26.440458652318508],[79.31478055912568,26.404047699380936],[79.334898186531504,26.399308211983982],[79.475792586780102,26.431646689159496],[79.518128436826274,26.348542014425963],[79.567959714457956,26.358515115371379],[79.563796387916241,26.339760493375511],[79.525759367995661,26.315810620164672],[79.538862449790258,26.282002011886977],[79.568023985201734,26.258598057867097],[79.639045882776372,26.245490557784734],[79.653230275050959,26.209990770579548],[79.7603069929513,26.185091276900039],[79.752235069863431,26.155211449560944]],[[79.243882138020666,26.528137508534911],[79.241267495629259,26.535667403691942]],[[79.241267495629259,26.535667403691942],[79.241369980961451,26.532916867968584],[79.243882138020666,26.528137508534911]],[[79.218124600399491,26.537076757174063],[79.226046215063036,26.539950617079469]],[[79.218124600399491,26.537076757174063],[79.22077646279206,26.536919657519654],[79.223449405975046,26.537735842868845],[79.226046215063036,26.539950617079469]],[[79.226046215063036,26.539950617079469],[79.241267495629259,26.535667403691942]],[[79.038385588506927,26.654961689667886],[79.049575998287992,26.631576264351185],[79.07606848110116,26.636697303120712],[79.059645855817564,26.617160943820586],[79.087096923354267,26.613661414820079],[79.091265466201548,26.590049966326337],[79.130456562047996,26.604918621423192],[79.192206998260957,26.585396262677325],[79.187441484727259,26.568973337207872],[79.220237380774293,26.550892363090615],[79.206356228116178,26.542732774225509],[79.218124600399491,26.537076757174063]],[[79.039092686793722,26.66302587667758],[79.038385588506927,26.654961689667886]],[[79.039092686793722,26.66302587667758],[79.032422183683835,26.657464647107147],[79.038385588506927,26.654961689667886]],[[78.947351293137729,26.75439489269457],[78.949287898325878,26.754493010631165]],[[78.949287898325878,26.754493010631165],[78.99525310639541,26.741978252397594],[79.017457958121213,26.755765732992888],[78.987105060512718,26.729227519032008],[79.012247090679509,26.7255928729173],[79.012732997306458,26.689360895933874],[79.050695009357327,26.675984002010455],[79.039092686793722,26.66302587667758]],[[78.944005157250018,26.757892286055135],[78.944608683802585,26.755094088009638],[78.947351293137729,26.75439489269457]],[[78.944005157250018,26.757892286055135],[78.947351293137729,26.75439489269457]],[[78.946693570318544,26.761709774645766],[78.944005157250018,26.757892286055135]],[[78.946693570318544,26.761709774645766],[78.941488569125198,26.755807011614014],[78.945057362780091,26.753520077463385],[78.949287898325878,26.754493010631165]],[[78.853661756179591,26.808228041110624],[78.874774828657806,26.789151312450727],[78.896552695296165,26.796968294736676],[78.933434711004352,26.788417519538914],[78.942173951802857,26.77081645279965],[78.957954959017201,26.776346591559168],[78.946693570318544,26.761709774645766]],[[78.849977602916326,26.817517261661983],[78.853661756179591,26.808228041110624]],[[78.849977602916326,26.817517261661983],[78.851899711211303,26.815134946631272],[78.853661756179591,26.808228041110624]],[[78.77123417215833,26.894311946744303],[78.782481654761881,26.863175169846112],[78.809973781772385,26.872653036026744],[78.849977602916326,26.817517261661983]],[[78.765927385924442,26.899027922186772],[78.77123417215833,26.894311946744303]],[[78.765927385924442,26.899027922186772],[78.770321942984168,26.898012807891302],[78.77123417215833,26.894311946744303]],[[78.674723731821103,26.890967621676293],[78.6711982604117,26.898934000081063]],[[78.6711982604117,26.898934000081063],[78.673313572452827,26.892243193490806],[78.674723731821103,26.890967621676293]],[[78.6711982604117,26.898934000081063],[78.677245006002508,26.918959895907705],[78.70760996763191,26.917935599631047],[78.723707851529525,26.898974007884444],[78.734492217199204,26.922574903608314],[78.765927385924442,26.899027922186772]],[[78.472069021164486,26.990355880891084],[78.475069369401382,26.993024217177808]],[[78.472069021164486,26.990355880891084],[78.474111411989242,26.99141948371842],[78.475069369401382,26.993024217177808]],[[78.475069369401382,26.993024217177808],[78.483127103953038,26.963841421601281],[78.515053725675372,26.95770585668658],[78.527453640560637,26.916591700571722],[78.544458036870694,26.929300462886701],[78.512327193798498,26.96640662493202],[78.521231430591527,26.975562436328925],[78.575783075500425,26.961984017059329],[78.570963549985265,26.944161200034529],[78.598910309095814,26.917141591494925],[78.60883700431306,26.924252850200212],[78.59606977630628,26.94995100811251],[78.620279891529336,26.944814579987259],[78.637225668326266,26.881130433679346],[78.672188698139095,26.877294843551947],[78.674723731821103,26.890967621676293]],[[78.323343097866115,27.060299973138118],[78.326252011191102,27.064972008144267]],[[78.323343097866115,27.060299973138118],[78.324311442198663,27.065457196071911],[78.326252011191102,27.064972008144267]],[[78.326252011191102,27.064972008144267],[78.36128548303779,27.083130793981599],[78.4228866388261,27.05338982282224],[78.453385018037409,27.00833611739726],[78.448088479931243,26.982895724665827],[78.472069021164486,26.990355880891084]],[[78.341041970781632,27.111736971277619],[78.310985500293256,27.097629008604621],[78.309780738022781,27.056760381525333],[78.323343097866115,27.060299973138118]],[[78.347944693279302,27.113274666698338],[78.341041970781632,27.111736971277619]],[[78.317789038709591,27.113636290659947],[78.318732110109352,27.109266270270513],[78.3235936592625,27.108953342929322],[78.324840164433382,27.10960782235426]],[[78.317789038709591,27.113636290659947],[78.324840164433382,27.10960782235426]],[[78.347944693279302,27.113274666698338],[78.344590547555612,27.114660417929592],[78.341041970781632,27.111736971277619]],[[78.324840164433382,27.10960782235426],[78.340243075233332,27.129073117572901],[78.371551526563636,27.122317556738981],[78.364096911549538,27.111053993738153],[78.347944693279302,27.113274666698338]],[[77.909647383497514,27.262271984453445],[77.904305432433347,27.253682345211288],[77.908807962475379,27.245142238990837]],[[77.909647383497514,27.262271984453445],[77.908807962475379,27.245142238990837]],[[77.908807962475379,27.245142238990837],[77.934272134667168,27.23763633425682],[77.928196004493358,27.264692151441778],[77.950628605314165,27.290661173776268]],[[77.961795684904104,27.291772381215218],[77.963204565515269,27.233295689531108],[77.997454875867234,27.234804460318696],[77.983613974139828,27.266772291851652],[78.029019358225071,27.2520489308469],[78.033896343335883,27.177485707017539],[78.079087726057594,27.200031973075898],[78.11401878742403,27.179463017981739],[78.218422537934259,27.169264735351597],[78.19803190742833,27.12815918351447],[78.22459472778371,27.076256660554989],[78.258278076806405,27.083928686261988],[78.241908649350734,27.113172016294964],[78.283624936904715,27.0805593062572],[78.296129176043593,27.119988191416539],[78.312146264259127,27.126616274901124],[78.317789038709591,27.113636290659947]],[[77.950628605314165,27.290661173776268],[77.961795684904104,27.291772381215218]],[[77.851463319304941,27.294204035610672],[77.859321965832677,27.252185889823078],[77.882771443122763,27.25737775250888],[77.863021221147434,27.276477963199511],[77.874662739960101,27.295308614208647],[77.913052224877518,27.284515330828814],[77.909647383497514,27.262271984453445]],[[77.950628605314165,27.290661173776268],[77.957913384970652,27.299581559211433],[77.961795684904104,27.291772381215218]],[[77.843153027272947,27.298666683188092],[77.851463319304941,27.294204035610672]],[[77.843153027272947,27.298666683188092],[77.846355902098054,27.299172419424107],[77.849399483318919,27.297852376375481],[77.851463319304941,27.294204035610672]],[[77.792982911919168,27.315034269803146],[77.843153027272947,27.298666683188092]],[[77.78189436034306,27.340501297839978],[77.783013878350999,27.324834589118055],[77.792982911919168,27.315034269803146]],[[77.78189436034306,27.340501297839978],[77.792982911919168,27.315034269803146]],[[77.782118593863615,27.353237261833897],[77.78189436034306,27.340501297839978]],[[77.794218783780508,27.367527467595419],[77.78393448152876,27.364817863041679],[77.782118593863615,27.353237261833897]],[[77.794218783780508,27.367527467595419],[77.782118593863615,27.353237261833897]],[[77.753525028168895,27.399940063652675],[77.750715526273169,27.366213172102459],[77.789047058230807,27.390327609313132],[77.807158009846631,27.382586648734613],[77.794218783780508,27.367527467595419]],[[77.748296083047023,27.411209126241321],[77.753525028168895,27.399940063652675]],[[77.748296083047023,27.411209126241321],[77.753861417398596,27.403991451693248],[77.753525028168895,27.399940063652675]],[[77.713849881483583,27.465573609072994],[77.713702966802032,27.426753021214076],[77.748296083047023,27.411209126241321]],[[77.70576096172671,27.489732306778798],[77.713849881483583,27.465573609072994]],[[77.703445365206804,27.49706840249663],[77.70576096172671,27.489732306778798]],[[77.703445365206804,27.49706840249663],[77.719598932347324,27.488284532255733],[77.713849881483583,27.465573609072994]],[[77.695337843309417,27.498477563806567],[77.70576096172671,27.489732306778798]],[[77.695337843309417,27.498477563806567],[77.703445365206804,27.49706840249663]],[[77.694050990190561,27.586402337969368],[77.728424813333461,27.572717349658973],[77.697795308485638,27.556268416513994],[77.683006698946343,27.508942064154585],[77.695337843309417,27.498477563806567]],[[77.701563094741218,27.613622638723594],[77.676480596668512,27.593910832247115],[77.694050990190561,27.586402337969368]],[[77.708142976626931,27.620863772817856],[77.701563094741218,27.613622638723594]],[[77.708142976626931,27.620863772817856],[77.707215499532722,27.615995428866228],[77.701563094741218,27.613622638723594]],[[77.68018266747373,27.646121430458344],[77.689829496772873,27.630823955828337],[77.662303536364576,27.607705470650611],[77.663118073396959,27.587521033790516],[77.694050990190561,27.586402337969368]],[[77.68018266747373,27.646121430458344],[77.708142976626931,27.620863772817856]],[[77.517936015353797,28.00405139792208],[77.542937306252398,27.993702800466878],[77.520953076532592,27.968668689314907],[77.549634949728556,27.94380898815988],[77.519832427480182,27.915207429096586],[77.530929766709832,27.888198962724623],[77.555743016391602,27.863830661456831],[77.628489887233684,27.848200677016884],[77.57469823215186,27.830328381533796],[77.628824769003813,27.789877450611755],[77.669477945994686,27.830854489132477],[77.70502014717303,27.797275860784122],[77.668451735205537,27.763013664005896],[77.709656562674795,27.699428701948523],[77.691481449735576,27.670592311409081],[77.662712186627033,27.665339665413597],[77.68018266747373,27.646121430458344]],[[77.503882308412699,28.03258602926833],[77.517936015353797,28.00405139792208]],[[77.503882308412699,28.03258602926833],[77.531202379354795,28.022502118469568],[77.517936015353797,28.00405139792208]],[[77.488714948385919,28.122852057105877],[77.497737327092082,28.11156314386977],[77.47866418239424,28.094658165750467],[77.480199385028925,28.070211440716704],[77.503882308412699,28.03258602926833]],[[77.471132711824353,28.255355701915096],[77.452012617863929,28.234742352689516],[77.488714948385919,28.122852057105877]],[[77.481039654526185,28.267940640323001],[77.471132711824353,28.255355701915096]],[[77.481039654526185,28.267940640323001],[77.550129129810585,28.241533020915188],[77.52109895159056,28.224435823904813],[77.528814885518898,28.197564916531199],[77.497420113177597,28.206027095505675],[77.501590610576969,28.180864945019628],[77.516915192192428,28.193033987063295],[77.549858415714567,28.179248628133127],[77.5025860693586,28.161412632423531],[77.493278364968376,28.13889199581714],[77.506986082794441,28.130566373452318],[77.488714948385919,28.122852057105877]],[[77.471132711824353,28.255355701915096],[77.47101803958364,28.266589404732521],[77.483403542086336,28.269420614150725]],[[77.483403542086336,28.269420614150725],[77.481039654526185,28.267940640323001]],[[78.452829351197892,31.026441073649906],[78.462696945103886,30.995984192209782],[78.398005524466583,30.930155037890533],[78.329719894173891,30.902840742148577],[78.244728602678904,30.824792647253343],[78.124946867639324,30.788559411745684],[78.08646952903959,30.75448356032641],[78.064633025079658,30.668386964772573],[78.033430655313637,30.64530484638999],[78.009710163462429,30.650589904528559],[78.014482814012439,30.592296472804339],[78.000663226391637,30.560252655010522],[77.980559622627993,30.555611746036995],[77.982681964546899,30.509030271920579],[77.917465792678996,30.516897465063813],[77.902542957393123,30.540425738569244],[77.885205095302069,30.51492112791323],[77.781583471920669,30.500020434020403],[77.641942023941567,30.428705383925593],[77.579203974323036,30.423706635466832],[77.596377897007869,30.357668994293451],[77.585435931336249,30.304807362862562],[77.529984031047206,30.259176440517198],[77.501679570090531,30.197095042986099],[77.454204637878476,30.145834598316416],[77.404761782803789,30.140930563238058],[77.394590526213804,30.096980619984198],[77.305272631351272,30.05046626967],[77.28281591756641,30.00903087539464],[77.235502940513882,29.993638594634056],[77.238942810032597,29.969339548332105],[77.212199634750178,29.956677377365509],[77.219067414521589,29.902113242137943],[77.174339751275625,29.88608574277816],[77.206453629383702,29.851940256027426],[77.189111104189152,29.842484701749108],[77.188279406041588,29.821664509987006],[77.167630248649019,29.822757043843332],[77.167947765667805,29.790911797728086],[77.123908569477848,29.746219917617022],[77.148911208627808,29.691926172725033],[77.120110292098886,29.655065992855381],[77.099917296439543,29.587344549913819],[77.108667718411596,29.533725272527505],[77.095815105386762,29.51279840863506],[77.132775919012502,29.503390075489911],[77.128556678506229,29.475201163391347],[77.147814900418169,29.438278931253183],[77.12934969895224,29.410742480030269],[77.158733147397172,29.387139290291312],[77.121211070606378,29.346071689932021],[77.158223541309198,29.3098200889849],[77.124358645234722,29.278640378399214],[77.128999483243391,29.239263260556076],[77.150134012982491,29.213801346015565],[77.128674085495106,29.170344490329942],[77.156777121855598,29.116134518025643],[77.135591659414089,29.09345801712908],[77.16906524406339,29.056322672955542],[77.160319911680887,29.028857900408596],[77.19440011158008,29.017242251715345],[77.197119312713824,28.950234112397251],[77.232781006592162,28.900410861897321],[77.207309674005984,28.86539577307078],[77.224037392911413,28.834133308521885],[77.203598460127822,28.78921238688622],[77.238240509604779,28.768520049569698],[77.229975934761015,28.691494310569759],[77.263461162878144,28.650573811148394],[77.258894524588555,28.603329365566641],[77.366214067661602,28.477706177438112],[77.386268391142835,28.464751845836634],[77.419548120728493,28.471234179925176],[77.41945032796356,28.428934067560725],[77.44974521650181,28.439552604798084],[77.47275516130864,28.426371944706503],[77.468957596691027,28.399538920448752],[77.496686882508499,28.407892003388756],[77.465405197664907,28.317233895514036],[77.472168522578343,28.293240807088011],[77.498110127199027,28.288400114891285],[77.483403542086336,28.269420614150725]]]}},
{"type":"Feature","properties":{"objectid":26811,"rivname":"Luni","rilcode":"1","origin":null,"major_trib":null,"bacode":"18","ba_name":"West flowing rivers of Kutch and Saurashtra including Luni","sub_basin":"Luni Upper","shape_Leng":615708.49750900001},"geometry":{"type":"MultiLineString","coordinates":[[[71.275750729576188,24.674582220947283],[71.293247220691669,24.727162782262216],[71.338057266773788,24.762476299152873],[71.339190778728295,24.782240027536798],[71.389262978329228,24.777541821025594],[71.419081584344809,24.815340119775755],[71.446690502461109,24.814168385328472],[71.451522948461729,24.841354723987582],[71.469553319173428,24.859579659281788],[71.481925085521993,24.847455026883072],[71.50488617430544,24.881156327634361]],[[71.50488617430544,24.881156327634361],[71.520250466616247,24.916302637364538],[71.581015219523536,24.909750075512928],[71.600205661066823,24.943018138308034],[71.642417658924927,24.951524443224955],[71.674026148312691,24.98543589573779]],[[71.674026148312691,24.98543589573779],[71.655138251076778,24.93121002136694],[71.617286913103769,24.893261768831216],[71.558989296401563,24.871897190960347],[71.546098738928521,24.883438787603527],[71.514962025674549,24.869135505880717],[71.50488617430544,24.881156327634361]],[[71.674026148312691,24.98543589573779],[71.730076635807478,25.049560891565196],[71.722782944304484,25.081902314621164]],[[71.705796408634754,24.98784161581905],[71.650931084265252,24.920445838987728],[71.641910714932052,24.877823739239631],[71.611759714576735,24.870928459911333],[71.610316038130918,24.856532251896887],[71.574402066486655,24.858879984929043],[71.54224911525904,24.809000313204653],[71.486176176511123,24.795491063313538],[71.487595744807521,24.74139465390045],[71.412715290362911,24.745685890149794],[71.317189388016288,24.655540244675979],[71.221112342617076,24.627734599387043],[71.198289232243283,24.587461418972762]],[[73.163190049360963,26.136705073944814],[73.111831710797134,26.120350363255319],[73.046655809508835,26.016634875359028],[72.908252837408412,25.912889494372475],[72.772808260552367,25.860020601476283],[72.651393607937038,25.841628467429633],[72.585917625849149,25.805794858613737],[72.357803072231349,25.785494635493652],[72.315465841070719,25.810173798510167],[72.210591428653061,25.826286921324016],[72.073069356150185,25.874022519689767],[72.046301735814936,25.868320988907129],[71.993608840341238,25.819727803530746],[71.936390502420309,25.808454201483706],[71.922229388722798,25.740758791689963],[71.990241134491598,25.650430981147196],[71.912596297893842,25.567920808815789],[71.937920427960179,25.501400508628301],[71.924854695628568,25.463932118907415],[71.901553526264649,25.427371485463272],[71.816867274428361,25.380748346464618],[71.821021205808947,25.319619308581132],[71.778060545315256,25.285823591374463],[71.781277434936626,25.255327247573526],[71.759678381829346,25.229439562354518],[71.74773245258686,25.167692706387449],[71.704930630375387,25.148305820551055],[71.722778965211006,25.081907409931905]],[[73.302586448366782,26.148861412412955],[73.163195256177545,26.136705641093638]],[[74.372141995789832,26.472236764870878],[74.370149479242755,26.502792327227848],[74.326392629889071,26.528738110928966],[74.232799423113462,26.502467621833226],[74.186888925066768,26.505006295519031],[74.014479931917364,26.399914843477966],[73.985741671289617,26.372405111095183],[73.979720567438036,26.340720000386892],[73.893405887173358,26.316513601239652],[73.873762695340616,26.29642060761779],[73.785190098506789,26.279837882410906],[73.735470453967636,26.23341808849549],[73.68008904651019,26.225851036096454],[73.663657659269518,26.199721602120597],[73.578687826963773,26.172734972736329],[73.548486969313259,26.191679209478512],[73.420840285572325,26.156182835680099],[73.302587653296342,26.148860911596049]]]}},
{"type":"Feature","properties":{"objectid":26815,"rivname":"Gandak","rilcode":"1","origin":"North-East Of Dhaulagiri In Nepal","major_trib":null,"bacode":"2A","ba_name":"Ganga","sub_basin":"Gandak and others","shape_Leng":570726.57735299994},"geometry":{"type":"MultiLineString","coordinates":[[[85.192692645949123,25.673360098214154],[85.18140216000306,25.645988475077157]],[[85.192692645949123,25.673360098214154],[85.192985541192044,25.673361870233926],[85.195622378937685,25.672762665090911],[85.197358867396531,25.672498416625491],[85.214101320747773,25.667015143220464],[85.242910004460001,25.663259848501603],[85.256859956232219,25.644816494731259],[85.268717611524607,25.65830896149652],[85.282425148958907,25.649334962137377]],[[85.169054492271357,25.794823631515321],[85.192692645949123,25.673360098214154]],[[85.151336117210136,25.84364877471101],[85.169054492271357,25.794823631515321]],[[85.151336117210136,25.84364877471101],[85.16677298496532,25.831584617171632],[85.169054492271357,25.794823631515321]],[[85.018849177214889,26.005060305687522],[85.068218051193952,25.983808779773227],[85.079696988045825,25.923666845781391],[85.114238609291959,25.898369006423302],[85.118650974066455,25.863259473268403],[85.151336117210136,25.84364877471101]],[[84.999154453412018,26.011546455103307],[85.018849177214889,26.005060305687522]],[[84.999154453412018,26.011546455103307],[85.004849932741521,26.01243535126445],[85.011432271301985,26.011200879270614],[85.018849177214889,26.005060305687522]],[[84.966336077518235,26.09151692235935],[84.969033364855804,26.023993519982252],[84.999154453412018,26.011546455103307]],[[84.952431275239107,26.104173283830189],[84.966336077518235,26.09151692235935]],[[84.952431275239107,26.104173283830189],[84.957841158873009,26.104527067858342]],[[84.957841158873009,26.104527067858342],[84.966336077518235,26.09151692235935]],[[84.915574235061925,26.13066001085749],[84.952431275239107,26.104173283830189]],[[84.915574235061925,26.13066001085749],[84.957841158873009,26.104527067858342]],[[84.899616754930634,26.185075978861455],[84.894415930871034,26.160721596249239],[84.915574235061925,26.13066001085749]],[[84.885896361004896,26.230340656868908],[84.901926577824995,26.212025381588269],[84.899616754930634,26.185075978861455]],[[84.885896361004896,26.230340656868908],[84.926395886132994,26.220789766793665],[84.899616754930634,26.185075978861455]],[[84.861733359190239,26.231426441201492],[84.885896361004896,26.230340656868908]],[[84.847615726508138,26.243948784693352],[84.851404046470606,26.233292013287553],[84.861733359190239,26.231426441201492]],[[84.847615726508138,26.243948784693352],[84.861733359190239,26.231426441201492]],[[84.840484276002442,26.264166764327065],[84.847615726508138,26.243948784693352]],[[84.836356125078922,26.277823435821166],[84.840484276002442,26.264166764327065]],[[84.835960534901872,26.288105603277987],[84.836356125078922,26.277823435821166]],[[84.835960534901872,26.288105603277987],[84.840484276002442,26.264166764327065]],[[84.824033394606474,26.30253204565539],[84.835960534901872,26.288105603277987]],[[84.787746267453088,26.313920624384835],[84.836356125078922,26.277823435821166]],[[84.787746267453088,26.313920624384835],[84.803578974496048,26.31298934322415],[84.807151240183273,26.315118997318248]],[[84.808549638645161,26.314600119997113],[84.824033394606474,26.30253204565539]],[[84.808549638645161,26.314600119997113],[84.818404206566669,26.311455059761368],[84.824033394606474,26.30253204565539]],[[84.807151240183273,26.315118997318248],[84.808549638645161,26.314600119997113]],[[84.78926338218605,26.322480077075312],[84.807151240183273,26.315118997318248]],[[84.777778789934047,26.325121943727495],[84.787746267453088,26.313920624384835]],[[84.777778789934047,26.325121943727495],[84.78926338218605,26.322480077075312]],[[84.762592864263837,26.344449149477473],[84.777778789934047,26.325121943727495]],[[84.762592864263837,26.344449149477473],[84.78926338218605,26.322480077075312]],[[84.747037406777011,26.361851263898266],[84.762592864263837,26.344449149477473]],[[84.732774333789706,26.389625762040218],[84.747037406777011,26.361851263898266]],[[84.735169216681598,26.401424602054195],[84.732774333789706,26.389625762040218]],[[84.735169216681598,26.401424602054195],[84.747037406777011,26.361851263898266]],[[84.707409705737732,26.42373992288039],[84.732774333789706,26.389625762040218]],[[84.707409705737732,26.42373992288039],[84.731788123347357,26.421423528690521],[84.735169216681598,26.401424602054195]],[[84.61243840058242,26.445674062882304],[84.624971589401554,26.455733051829512]],[[84.61243840058242,26.445674062882304],[84.620663595613323,26.448742338861866],[84.624971589401554,26.455733051829512]],[[84.624971589401554,26.455733051829512],[84.631125019982591,26.463411651071631]],[[84.631125019982591,26.463411651071631],[84.682021453804296,26.465525967680694]],[[84.682021453804296,26.465525967680694],[84.687928071693904,26.426205988999371],[84.707409705737732,26.42373992288039]],[[84.575418586512654,26.476826563376388],[84.584812794575598,26.434762675274197],[84.61243840058242,26.445674062882304]],[[84.575418586512654,26.476826563376388],[84.582497674185447,26.479163724401662],[84.597149252327398,26.476640407704959],[84.607591400692542,26.460280342591865],[84.621597977631865,26.472779854871423],[84.631125019982591,26.463411651071631]],[[84.569548863663343,26.484773922549838],[84.575418586512654,26.476826563376388]],[[84.569548863663343,26.484773922549838],[84.570111782161703,26.499524278893514]],[[84.570111782161703,26.499524278893514],[84.626514824271226,26.475383870427134],[84.668775264128698,26.4803368103784],[84.682021453804296,26.465525967680694]],[[84.501202535878022,26.517573257733901],[84.569548863663343,26.484773922549838]],[[84.480510502371146,26.536906131094153],[84.501202535878022,26.517573257733901]],[[84.480510502371146,26.536906131094153],[84.508815822537898,26.537089887840509],[84.501202535878022,26.517573257733901]],[[84.477510846359806,26.538555146689255],[84.480510502371146,26.536906131094153]],[[84.471121566845426,26.545657609459422],[84.477510846359806,26.538555146689255]],[[84.471121566845426,26.545657609459422],[84.477036482637317,26.544549845873934],[84.477510846359806,26.538555146689255]],[[84.447260894682287,26.57756765313442],[84.44711638184441,26.558804284162857],[84.471121566845426,26.545657609459422]],[[84.460156523771431,26.586292553598824],[84.447260894682287,26.57756765313442]],[[84.460156523771431,26.586292553598824],[84.446632607890209,26.586033347930453],[84.447260894682287,26.57756765313442]],[[84.461492542934465,26.596574839219329],[84.460156523771431,26.586292553598824]],[[84.461492542934465,26.596574839219329],[84.474811872382972,26.605400068322641],[84.497243222198193,26.596710609202372],[84.503768189409342,26.573767783999426],[84.54387340740918,26.564686112099633],[84.570111782161703,26.499524278893514]],[[84.458071261435876,26.604293658258548],[84.461492542934465,26.596574839219329]],[[84.390967776660077,26.635703503304558],[84.405917531944553,26.604109463818983],[84.418551588431299,26.602530206900816],[84.429352119024912,26.628248456327221],[84.458071261435876,26.604293658258548]],[[84.392767301736299,26.649088031174891],[84.390967776660077,26.635703503304558]],[[84.386846461598438,26.668355898101456],[84.392767301736299,26.649088031174891]],[[84.386846461598438,26.668355898101456],[84.392184228220273,26.664094484286082],[84.392767301736299,26.649088031174891]],[[84.34879284826637,26.673303050192221],[84.390967776660077,26.635703503304558]],[[84.34879284826637,26.673303050192221],[84.372768753241033,26.679874632225573],[84.386846461598438,26.668355898101456]],[[84.39191606828544,26.736468816664232],[84.430753943281829,26.698309263015016],[84.458071261435876,26.604293658258548]],[[84.376874020143163,26.751234291369997],[84.39191606828544,26.736468816664232]],[[84.378242252706272,26.757711132613],[84.376874020143163,26.751234291369997]],[[84.378242252706272,26.757711132613],[84.37928576348898,26.755591464856725],[84.376874020143163,26.751234291369997]],[[84.361306438278874,26.764523103897574],[84.378242252706272,26.757711132613]],[[84.361306438278874,26.764523103897574],[84.341157751347254,26.759721547837334],[84.28891290470338,26.815917476954223]],[[84.367982578627092,26.780552473746944],[84.39191606828544,26.736468816664232]],[[84.267703441894369,26.81083615387104],[84.27901078395648,26.784608224319449],[84.307526368836861,26.774151020832338],[84.304254705012596,26.752435374928329],[84.322743503785091,26.733430933560122],[84.315342361639907,26.706218006955226],[84.34879284826637,26.673303050192221]],[[84.267703441894369,26.81083615387104],[84.286410547092501,26.819619338845719]],[[84.28891290470338,26.815917476954223],[84.316312774879847,26.815281685732426],[84.361306438278874,26.764523103897574]],[[84.28891290470338,26.815917476954223],[84.286411699724511,26.819619260466816]],[[84.286411699724511,26.819619260466816],[84.28562503037034,26.82078133657193]],[[84.286410547092501,26.819619338845719],[84.286411699724511,26.819619260466816]],[[84.286410547092501,26.819619338845719],[84.28562503037034,26.82078133657193]],[[84.361717085966788,26.817980461474196],[84.367982578627092,26.780552473746944]],[[84.361717085966788,26.817980461474196],[84.366706387839841,26.818257511365751],[84.38036454314944,26.811669976290432],[84.385985908012486,26.800229623683247],[84.367982578627092,26.780552473746944]],[[84.324913014268333,26.841222219432684],[84.361717085966788,26.817980461474196]],[[84.273389352532845,26.844322102056385],[84.28562503037034,26.82078133657193]],[[84.273389352532845,26.844322102056385],[84.280899055001271,26.841781445999978],[84.30134522602097,26.846220643430016]],[[84.22208246203752,26.846543050016766],[84.267703441894369,26.81083615387104]],[[84.22208246203752,26.846543050016766],[84.243969138037656,26.870279937574796]],[[84.31140479002795,26.844762631761988],[84.324913014268333,26.841222219432684]],[[84.31140479002795,26.844762631761988],[84.320034239960094,26.847231149309412],[84.324913014268333,26.841222219432684]],[[84.30134522602097,26.846220643430016],[84.31140479002795,26.844762631761988]],[[84.243969138037656,26.870279937574796],[84.26161303889063,26.87197155053811]],[[84.26161303889063,26.87197155053811],[84.273389352532845,26.844322102056385]],[[84.248218555456518,26.887670843482312],[84.26161303889063,26.87197155053811]],[[84.248218555456518,26.887670843482312],[84.250544935045809,26.888110700227692],[84.267566798042324,26.876035070025928],[84.282064376395496,26.878661689861055],[84.30134522602097,26.846220643430016]],[[84.248218555456518,26.887670843482312],[84.24046151349836,26.947014600240124],[84.226184747246165,26.958626369212244],[84.215193687155462,26.948008962863]],[[84.228522361296356,26.889008521735889],[84.243969138037656,26.870279937574796]],[[84.212814296480346,26.889623987365479],[84.228522361296356,26.889008521735889]],[[84.212814296480346,26.889623987365479],[84.220999359817839,26.894185660033028],[84.228522361296356,26.889008521735889]],[[84.200153142684343,26.926805209714061],[84.183958670354073,26.890649334961317],[84.22208246203752,26.846543050016766]],[[84.200153142684343,26.926805209714061],[84.212814296480346,26.889623987365479]],[[84.215193687155462,26.948008962863],[84.200153142684343,26.926805209714061]],[[84.147419907487901,26.973751753609143],[84.151356285822487,26.955440395932381],[84.215193687155462,26.948008962863]],[[84.176543160755145,26.988061207178852],[84.147419907487901,26.973751753609143]],[[84.08845774143812,26.995830467988178],[84.102832875179985,27.012990363546891]],[[84.08845774143812,26.995830467988178],[84.067367279699411,27.038240670848726]],[[84.102832875179985,27.012990363546891],[84.146911264279154,26.997854515140229],[84.147419907487901,26.973751753609143]],[[84.060779309762665,27.018814348638415],[84.067472300063145,26.993587094599341],[84.08845774143812,26.995830467988178]],[[84.060779309762665,27.018814348638415],[84.067367279699411,27.038240670848726]],[[84.055759529267306,27.033084063828799],[84.060779309762665,27.018814348638415]],[[84.097558618381768,27.044362727018811],[84.102832875179985,27.012990363546891]],[[84.097558618381768,27.044362727018811],[84.067367279699411,27.038240670848726]],[[84.097558618381768,27.044362727018811],[84.103184781508162,27.047030769236304],[84.109718146604678,27.043874199411189],[84.118453769318819,27.026549772097852],[84.134905941515115,27.033384573368028]],[[84.064116457711222,27.046412927659691],[84.055759529267306,27.033084063828799]],[[84.064116457711222,27.046412927659691],[84.067367279699411,27.038240670848726]],[[84.040231171772916,27.064480777982414],[84.055759529267306,27.033084063828799]],[[84.040231171772916,27.064480777982414],[84.050091136199441,27.063500853177267],[84.059647722266703,27.066611758356295],[84.068879309086114,27.064688610668941],[84.064116457711222,27.046412927659691]],[[84.019760059381085,27.072565440396382],[84.040231171772916,27.064480777982414]],[[83.997323753534232,27.111961751402053],[83.991025078627061,27.084447175720765],[84.012191265488696,27.07195167933796],[84.019760059381085,27.072565440396382]],[[83.997323753534232,27.111961751402053],[84.019760059381085,27.072565440396382]],[[83.966360197129518,27.17229740311701],[83.964978117911983,27.151917812225186],[83.997323753534232,27.111961751402053]],[[83.966360197129518,27.17229740311701],[83.998111123580941,27.133125585277547],[83.997323753534232,27.111961751402053]],[[83.967403037375433,27.182874766560168],[83.966360197129518,27.17229740311701]]]}},
{"type":"Feature","properties":{"objectid":26816,"rivname":"Barak or Ahu or Turuong","rilcode":"1","origin":null,"major_trib":"Dhaleswari, Tuivai","bacode":"2C","ba_name":"Barak and Others","sub_basin":"Barak","shape_Leng":243502.412599},"geometry":{"type":"MultiLineString","coordinates":[[[93.080886560347608,24.324162854308906],[93.082704478329532,24.326553919560805]],[[93.082704478329532,24.326553919560805],[93.082454032665964,24.325298132906788],[93.081635780293013,24.32434035233841],[93.081227974944909,24.324110908329946],[93.080886560347608,24.324162854308906]],[[93.082704478329532,24.326553919560805],[93.123938826231338,24.37458447273595],[93.158678525909508,24.452154375845751]],[[93.158678525909508,24.452154375845751],[93.16068252387808,24.454368079311283]],[[93.16068252387808,24.454368079311283],[93.160732135901895,24.455219788930805]],[[93.160732135901895,24.455219788930805],[93.158678525909508,24.452154375845751]],[[93.160732135901895,24.455219788930805],[93.163902734429456,24.457652857015624]],[[93.163902734429456,24.457652857015624],[93.16068252387808,24.454368079311283]],[[93.163902734429456,24.457652857015624],[93.172293157234449,24.529981747339267],[93.217183192830447,24.59394722511513],[93.209731724240967,24.627449857703635],[93.222153497401393,24.638942294571191],[93.208252507098607,24.66260334490854],[93.219477399696785,24.67119397512797],[93.204457620307863,24.674744165899668],[93.216544456761397,24.698817424398325],[93.204162567521507,24.705619400889489],[93.220800713225046,24.707304438623595],[93.230311443490876,24.681349779297289],[93.271718374141898,24.66667319989606],[93.294236904075831,24.677907489366678],[93.296367885392996,24.705725939228607],[93.313228901868271,24.699392539954314],[93.334337336239486,24.719224085878384],[93.318586119861109,24.730340500289756],[93.335029627200996,24.7471837662223],[93.329679781337688,24.765111725507968],[93.359283329283244,24.76519149920825],[93.36330946219303,24.81981648202261],[93.39863575044383,24.811891034552449],[93.406992318612879,24.82874967795108],[93.389510306441338,24.882511123212868],[93.394611159723084,24.923831892081992]],[[92.910099467046294,24.752431233403595],[92.91011902237392,24.793855675586141],[92.93477374799366,24.809467854650062],[92.956214918851146,24.790349054367841],[93.025478693520327,24.787356112966037],[93.042579835574045,24.732615371908715],[93.078889315945744,24.723619578686968],[93.073465733340868,24.706751088366573],[93.090275928328793,24.67677979302902],[93.103521769718299,24.678743932504712],[93.071105915595552,24.60016582556079],[93.104383945766955,24.582856653768932],[93.058283550656043,24.574633719271432],[93.070715173193165,24.558617422251547],[93.055342327233362,24.553741868874624],[93.031770530799761,24.495018274479026],[93.046004179123273,24.474584456088483],[93.032781725938079,24.429118318376709],[93.042665643343668,24.415714652222846],[93.008638385930084,24.413030500300618],[93.025810887992947,24.390338568194412],[93.017716242588051,24.349288269915824],[93.040566642666036,24.341825232172162],[93.007272949546419,24.284395535527459],[93.014961752944401,24.236911159290617],[93.080886560347608,24.324162854308906]]]}},
{"type":"Feature","properties":{"objectid":26817,"rivname":"Sonai or Tulralal","rilcode":"1","origin":null,"major_trib":"Dhaleswari, Tuivai","bacode":"2C","ba_name":"Barak and Others","sub_basin":"Barak","shape_Leng":21996.816109899999},"geometry":{"type":"LineString","coordinates":[[92.88722875460509,24.661899098911121],[92.876423024441607,24.707793538235858],[92.897851735118422,24.732168095921054],[92.873546833236645,24.745233253238581],[92.910099467046294,24.752431233403595]]}},
{"type":"Feature","properties":{"objectid":26818,"rivname":"Barak","rilcode":"1","origin":null,"major_trib":"Dhaleswari, Tuivai","bacode":"2C","ba_name":"Barak and Others","sub_basin":"Barak","shape_Leng":100334.60529399999},"geometry":{"type":"LineString","coordinates":[[92.910099467046294,24.752431233403595],[92.876029796186756,24.774837584555957],[92.841415030932836,24.750413450418709],[92.832934898483373,24.78624462667776],[92.813083747867367,24.796508051880753],[92.820800997912059,24.807664397615024],[92.835011011344392,24.795639942276473],[92.861542517527013,24.830345730665503],[92.810090184581284,24.823335683724203],[92.809263694249992,24.846524705529429],[92.78493673005984,24.833706072440336],[92.768816951116094,24.867737887123859],[92.756889488153689,24.859340811074439],[92.739491945926289,24.877542202104244],[92.728583435009867,24.915511634054493],[92.701256438127089,24.883650548051257],[92.727643003016269,24.865881385971424],[92.692328755600414,24.866594574075819],[92.68123082677397,24.850267157233318],[92.696893856112126,24.834746531203564],[92.667023588954152,24.846120929402908],[92.643611743923884,24.82559452912264],[92.638484881526082,24.851473791539224],[92.598730773366412,24.881655782205666],[92.527954479929875,24.863825648378217],[92.517691998962647,24.881250436617083],[92.488570051918927,24.876289186135313]]}},
{"type":"Feature","properties":{"objectid":26819,"rivname":"Barak or Tuiong","rilcode":"1","origin":null,"major_trib":"Dhaleswari, Tuivai","bacode":"2C","ba_name":"Barak and Others","sub_basin":"Barak","shape_Leng":176496.53384},"geometry":{"type":"LineString","coordinates":[[93.394611159723084,24.923831892081992],[93.449201732293204,25.016030966588364],[93.448067712964161,25.038122171535942],[93.474435377747483,25.06274965063027],[93.479008150962528,25.125933077544644],[93.51200691284248,25.156001957712505],[93.569649025958924,25.167005990584265],[93.604269421423439,25.196123500531318],[93.685757784851404,25.360589895138755],[93.708752194607214,25.357629573826568],[93.80189391706385,25.462664410957682],[93.858203224995492,25.486889910937691],[93.917117618736796,25.482735001069141],[93.974567186528816,25.418345154340098],[94.01276683472453,25.430144756228067],[94.063979630432385,25.40686833491263],[94.073157230690882,25.387915143577583],[94.039375976744992,25.304701219637078],[94.095542944662498,25.347996466981055],[94.109753653552971,25.390567764825125],[94.164067509822047,25.412624436015914]]}},
{"type":"Feature","properties":{"objectid":26820,"rivname":"Barak or Woury Lok","rilcode":"1","origin":null,"major_trib":"Dhaleswari, Tuivai","bacode":"2C","ba_name":"Barak and Others","sub_basin":null,"shape_Leng":21865.034362099999},"geometry":{"type":"LineString","coordinates":[[94.164067509822047,25.412624436015914],[94.173632741940921,25.436278476900181],[94.216081724159451,25.444228894437337],[94.235860442065515,25.468998177397356],[94.308429602371575,25.472778632205184]]}},
{"type":"Feature","properties":{"objectid":26844,"rivname":"Mahanadi","rilcode":"1","origin":null,"major_trib":"Seonath, Hasdeo, Jonk, Mand, Kelo, Ib, Ong, Tel,","bacode":"08","ba_name":"Mahanadi","sub_basin":null,"shape_Leng":1047415.5697399999},"geometry":{"type":"MultiLineString","coordinates":[[[81.991685894632695,20.224242676326277],[81.98788201281485,20.283361168622125],[81.941666699641374,20.318134723610108],[81.875012915452274,20.300213339302484],[81.725934245991454,20.312404930337124],[81.711100645045008,20.299413191982996],[81.58189258091538,20.294352856092637],[81.536870869566542,20.304459201463249],[81.502222164053705,20.357580035910793]],[[81.517790120903186,20.341664681470814],[81.502222164053705,20.357580035910793]],[[81.502222164053705,20.357580035910793],[81.468102108807273,20.391444671162954],[81.460165225450382,20.406726165083953]],[[81.483293644315694,20.378358056984709],[81.462431159735544,20.405822517388948],[81.447587048347202,20.41736184181892],[81.447471032381287,20.456082412756711],[81.388050330003907,20.492931379166965],[81.381778578507308,20.522918987004168]],[[86.422523229614683,20.312647817146775],[86.479227997852206,20.332877178648218]],[[86.422523229614683,20.312647817146775],[86.447027743082927,20.308539174008022],[86.513894967259418,20.320448044206106],[86.518516491607713,20.333542729118694],[86.557615443391967,20.324591640553418],[86.610036309093502,20.339909002945895],[86.661299990849301,20.329149014818313],[86.699923984769271,20.294208807969984],[86.725219785299359,20.298367752743356]],[[86.301960198220357,20.326052280363729],[86.422523229614683,20.312647817146775]],[[86.267799314679465,20.343489552608148],[86.29163071181641,20.323471181650152],[86.301960198220357,20.326052280363729]],[[86.267799314679465,20.343489552608148],[86.301960198220357,20.326052280363729]],[[81.396957938882551,20.487311548142621],[81.378629116383152,20.492201580073317],[81.370300453535307,20.516493472583239],[81.381778578507308,20.522918987004168]],[[81.381778578507308,20.522918987004168],[81.41396666884215,20.557220207399343],[81.53274429402633,20.581981199846517],[81.563147193554627,20.610444274770032],[81.561723323469366,20.657948716132157],[81.587241942283526,20.684732517574929],[81.631046932267054,20.677531290164762],[81.771127862139224,20.75244595199722],[81.827710880304707,20.934078695650442],[81.854032901651635,20.94106509164509],[81.858816294741942,20.961881513406166],[81.988096351113199,21.078152556566813],[82.022276127104988,21.233335728455742],[82.152589545483622,21.312492348811634],[82.243792101470035,21.444312170420574],[82.247441915288903,21.474943764097059],[82.360482951023698,21.567340380663079],[82.412153063822544,21.66604147694521],[82.461045599685619,21.695896678152621]],[[84.978779735984375,20.476935855940326],[85.097059014115302,20.406061156474752],[85.131314246815933,20.402080617444913],[85.164462678075338,20.367067380469468],[85.211994836731094,20.3888463087841],[85.313024672686581,20.342507825325978],[85.383827814247155,20.360369684735776],[85.408124552017256,20.382033106478978],[85.476088985728992,20.365185446450695],[85.500595018678524,20.384796543966406],[85.562305834629058,20.39279498274183],[85.640091953201306,20.461412165005367],[85.727520859717615,20.435248556468899],[85.767704752224034,20.499040968284937],[85.807452314390446,20.498185144478462]],[[84.978779735984375,20.476935855940326],[84.906700373834738,20.499093168320691]],[[84.906700373834738,20.499093168320691],[84.940228595100919,20.500862441464925],[84.978779735984375,20.476935855940326]],[[85.769127324324529,20.475342071302617],[85.807452314390446,20.498185144478462]],[[85.807452314390446,20.498185144478462],[85.849112837566153,20.509706496874639],[85.90900028268176,20.474232132530091],[86.093476615752252,20.431951885081649],[86.267799314679465,20.343489552608148]],[[83.912227973933426,21.23053573774251],[83.816695736014637,21.031897999049718],[83.828098279906641,21.006710897222153],[83.81963352586142,20.951060925050967],[83.838040775314724,20.90154425747922],[83.875231722266605,20.888442037019672],[83.911923919939042,20.850036840929292],[84.013800349293788,20.835981906634608],[84.037574605850011,20.810738655498014],[84.114045177390977,20.836210805223981],[84.17717566420113,20.885368318369657],[84.237525025462617,20.898844865319994],[84.322485410059258,20.859346790645759],[84.334444206081599,20.79219008008527],[84.383158428929534,20.747637188909508],[84.420089842757378,20.728584489934029],[84.46421977996998,20.73280090059772],[84.553759810525207,20.692418902606175],[84.640987157963608,20.620599376054798],[84.77510083788583,20.602444011001172],[84.858983601931484,20.515673995688758],[84.906700373834738,20.499093168320691]],[[83.897997343352458,21.265505728139381],[83.912227973933426,21.23053573774251]],[[83.898291559645855,21.265626308555174],[83.897997343352458,21.265505728139381]],[[83.897939967263895,21.272129011638508],[83.898291559645855,21.265626308555174]],[[83.897939967263895,21.272129011638508],[83.900222154225091,21.269316011437802],[83.898291559645855,21.265626308555174]],[[83.888463357051464,21.281638517861815],[83.897997343352458,21.265505728139381]],[[83.888463357051464,21.281638517861815],[83.897939967263895,21.272129011638508]],[[83.927873005330312,21.358412659817819],[83.920112297972167,21.352653772254392],[83.897861384152876,21.315998669670929],[83.888463357051464,21.281638517861815]],[[83.927873005330312,21.358412659817819],[83.912227973933426,21.23053573774251]],[[83.900235885989304,21.517111485063506],[83.979532184314948,21.440645576480954],[83.973052141166065,21.386020019247972],[83.927873005330312,21.358412659817819]],[[83.900235885989304,21.517111485063506],[83.858058895748144,21.516439361843545],[83.845653039443135,21.535634701148183]],[[83.845653039443135,21.535634701148183],[83.900235885989304,21.517111485063506]],[[83.845653039443135,21.535634701148183],[83.866893995542014,21.563834836626526],[83.971944439749777,21.559722219783289],[83.959250400165132,21.582748201856933],[83.87042724748629,21.617636163936158],[83.800954782660753,21.613620069003314],[83.728391471772099,21.664021988929214]],[[83.728391471772099,21.664021988929214],[83.736853017903627,21.627092760422325],[83.823583717186551,21.572205917385109],[83.845653039443135,21.535634701148183]],[[82.461045599685619,21.695896678152621],[82.464370926311176,21.71124966336092]],[[82.461045599685619,21.695896678152621],[82.467547283870516,21.702960485705937],[82.464370926311176,21.71124966336092]],[[82.464370926311176,21.71124966336092],[82.479807985527884,21.731921420495205],[82.528218139280241,21.73638949260776],[82.5545863825363,21.738213593040538],[82.592207905168721,21.715045451384892],[82.638301055680529,21.726008107229799],[82.656183497997858,21.71072062372696],[82.703133233340367,21.733009759987176],[82.748295468683636,21.717585671682865],[82.798569151338171,21.724582026312675],[82.888377307770881,21.689563865747093],[82.935076819228485,21.730292712901662],[82.972467623523244,21.718922985082422],[83.02125023334726,21.734557301971655],[83.069637806302183,21.711778724681945],[83.159183034108992,21.721826829405025],[83.336507602031517,21.672692898019644],[83.401062216783487,21.684555706784838],[83.490417172799937,21.643391461735888],[83.525103473569828,21.669536601157855],[83.561213050449453,21.745270420813462],[83.683506790169517,21.708094079443381],[83.728391471772099,21.664021988929214]]]}},
{"type":"Feature","properties":{"objectid":26849,"rivname":"Brahmani","rilcode":"1","origin":null,"major_trib":"Sankh, Southkoel, Tikra","bacode":"07","ba_name":"Brahmani and Baitarni","sub_basin":"Brahmani","shape_Leng":496432.51141199999},"geometry":{"type":"MultiLineString","coordinates":[[[85.908927075630359,20.841540685850475],[85.953485710527744,20.846374165362754],[85.977280685671545,20.883604640194637]],[[85.908927075630359,20.841540685850475],[85.94984592817201,20.879801828255108],[85.977280685671545,20.883604640194637]],[[85.977280685671545,20.883604640194637],[86.080391426379208,20.872540634714873],[86.124653676433226,20.779779556932692],[86.15720910423822,20.798987165448825],[86.20572049718092,20.784616560283531],[86.21395282621917,20.744654832852106],[86.248824581380447,20.749582920348004],[86.25255552999819,20.722160723681245],[86.289748540832008,20.745592140260719],[86.339766351959895,20.678929633159459],[86.396806904046926,20.656035379557025],[86.402911689207485,20.627785611444423],[86.442369674605132,20.604170052769511],[86.50501158591311,20.618827307153179],[86.533444527564569,20.599605657271528],[86.557559052008088,20.623965686610241],[86.588507896775681,20.600980190598595],[86.601729971766602,20.566673614341919],[86.621915007167928,20.584520882497085],[86.608921582979306,20.607731560746537],[86.659940798073336,20.609378693182173],[86.678126201338515,20.642798440048054],[86.707302335476712,20.637618552043492],[86.73412178144666,20.664757329290708],[86.74837814596107,20.656808694630215],[86.742408275521299,20.616741711080465],[86.764874084131876,20.619172069205383],[86.834076592311945,20.773076604614374],[86.976859883954134,20.776917417499359]],[[84.797484553351467,22.238434311322809],[84.804297689553891,22.212299085302131],[84.826881690241777,22.203183312920785],[84.823513560386175,22.163747524760137],[84.855518952099615,22.141500603936844],[84.848760640873806,22.106873181487455],[84.897131867107788,22.075723125688352],[84.860357269487082,22.055321350062552],[84.878082853200326,22.033479776761858],[84.863908494756316,21.975389248211403],[84.884135784788455,21.931849087691525],[84.85632004509587,21.916002005684867],[84.857296679075674,21.870288793551662],[84.927320992696167,21.824708080767643],[84.965241985675192,21.84064953833116],[84.971692472319134,21.789517205457226],[84.994845825338359,21.753521527747875],[84.973750681627763,21.72900727533569],[84.928116036889804,21.737033058394594],[84.904559527798128,21.709931734751731],[84.974832381703152,21.675010471925656],[85.01061737488115,21.571353314990841],[84.925406167233078,21.402754189323968],[84.950623321696554,21.340700471305663],[85.029602419928025,21.304211032993891],[85.030740915598273,21.263527039344755],[85.061459862589629,21.224161874171376],[85.064070801088391,21.195534722323899],[85.123794928926699,21.187072080326178],[85.15026763614101,21.157432432462397],[85.146320336839679,21.130030739567292],[85.107526603724722,21.091707355999926],[85.110318295358113,21.071981081513254],[85.151573365977924,21.075905678163068],[85.166568194742368,21.047001350452749],[85.259741663668564,20.993631272124112],[85.23753439365511,20.961623061903644],[85.250188013741436,20.937115005555679],[85.242911540188089,20.900460970047032],[85.289496067032346,20.885508871518319],[85.287659042922357,20.850591561464597],[85.325356691887805,20.82144456014046],[85.400910609935437,20.804121259832606],[85.532894190421445,20.744448277695081],[85.586604541538492,20.741555373689597],[85.611272841558261,20.760940064367094],[85.610082776224402,20.7921736510411],[85.630666385767896,20.816695003092256],[85.695952152402867,20.826333573391988],[85.744207603458221,20.872575568694323],[85.791998076400901,20.877608505351141],[85.908927075630359,20.841540685850475]]]}},
{"type":"Feature","properties":{"objectid":26853,"rivname":"Lohit/ Tellu","rilcode":"1","origin":null,"major_trib":null,"bacode":"2B","ba_name":"Brahamaputra","sub_basin":"Brahmaputra Upper","shape_Leng":470814.99488499999},"geometry":{"type":"MultiLineString","coordinates":[[[95.240164618956499,27.662754515836902],[95.222312027025481,27.63202795653077],[95.178469363284876,27.608600579099235],[95.16499862154707,27.567518999681518],[95.098063257748635,27.542669245758734],[95.062510938440852,27.548035296543326]],[[95.240164618956499,27.662754515836902],[95.189298051973324,27.656693613431649],[95.162492472623853,27.623862246338234],[95.141559479508757,27.626339433667901]],[[95.752981272326707,27.757178078720507],[95.708604241919431,27.763434617100273],[95.69106492506296,27.784604249354064]],[[95.773960224287393,27.770646619428938],[95.752981272326707,27.757178078720507]],[[95.69106492506296,27.784604249354064],[95.514409338749999,27.797956948408022],[95.459681515505352,27.780432852375739],[95.409784074001294,27.723398404414549],[95.350940582524856,27.692935744564771],[95.296133287531489,27.676026207163513],[95.262242615200464,27.681901115215631],[95.240164618956499,27.662754515836902]],[[95.692928135335904,27.787303315965122],[95.69106492506296,27.784604249354064]],[[95.80252048832331,27.780177142538644],[95.79304115946195,27.763408233803659],[95.773960224287393,27.770646619428938]],[[95.80252048832331,27.780177142538644],[95.800332928339742,27.782631542438086]],[[95.800332928339742,27.782631542438086],[95.791929496758556,27.773323595751926],[95.783810151519333,27.771089249777877],[95.780142996600304,27.770663105018865],[95.776940371938323,27.770941725775611],[95.775708940601589,27.770480537418024],[95.773960224287393,27.770646619428938]],[[95.800332928339742,27.782631542438086],[95.789098966246684,27.793749953923083],[95.74555376506548,27.781644308382617],[95.692928135335904,27.787303315965122]],[[95.823937099690127,27.784624107114173],[95.809059942109926,27.762967320186252],[95.766288932444667,27.754317497494775],[95.752981272326707,27.757178078720507]],[[95.823937099690127,27.784624107114173],[95.80252048832331,27.780177142538644]],[[95.728508034824074,27.7997412728336],[95.692928135335904,27.787303315965122]],[[95.77869451639701,27.815429730420401],[95.766501059208252,27.802680796774641],[95.73996678373851,27.797066923584183],[95.728508034824074,27.7997412728336]],[[95.77869451639701,27.815429730420401],[95.728508034824074,27.7997412728336]],[[95.823852209311752,27.823709944384248],[95.77869451639701,27.815429730420401]],[[95.920329271238543,27.815822220030928],[95.912911803006452,27.800428243030446],[95.865127254991933,27.804480431584825],[95.823937099690127,27.784624107114173]],[[95.921415894854846,27.816591421462601],[95.920329271238543,27.815822220030928]],[[95.865626736842685,27.823668506934382],[95.823852209311752,27.823709944384248]],[[95.865626736842685,27.823668506934382],[95.845750081840862,27.834872343934666],[95.823852209311752,27.823709944384248]],[[95.915776623025138,27.830848160324827],[95.884784965015882,27.817159021994595],[95.865626736842685,27.823668506934382]],[[95.915776623025138,27.830848160324827],[95.921415894854846,27.816591421462601]],[[95.965569708199808,27.838824408362864],[95.921415894854846,27.816591421462601]],[[95.965569708199808,27.838824408362864],[95.941324083604627,27.847725859492186],[95.915776623025138,27.830848160324827]],[[96.007760186512243,27.849993668440867],[95.966102899956141,27.82401836404329],[95.934413696177515,27.814569778980953],[95.920329271238543,27.815822220030928]],[[96.007760186512243,27.849993668440867],[95.965569708199808,27.838824408362864]],[[96.026325688610399,27.856067348787079],[96.007760186512243,27.849993668440867]],[[96.038150447400099,27.855745153176681],[96.026325688610399,27.856067348787079]],[[96.100841380814018,27.851120220447012],[96.053334920150121,27.851108300415795],[96.049721554447103,27.853911483993112],[96.043370845134035,27.853851903146928],[96.040374808406071,27.855209924204441],[96.039319303990894,27.855549462806326],[96.038494054464252,27.855721163592609],[96.038246852848587,27.855751561101123],[96.038150447400099,27.855745153176681]],[[96.201711379730227,27.858948770132372],[96.157082987867895,27.841228855914753],[96.117574297333718,27.84237551924863],[96.100841380814018,27.851120220447012]],[[96.115444986314458,27.88505342875338],[96.038150447400099,27.855745153176681]],[[96.115444986314458,27.88505342875338],[96.062371314807322,27.881903032458577],[96.026325688610399,27.856067348787079]],[[96.275944448194011,27.877628241092545],[96.201711379730227,27.858948770132372]],[[96.275944448194011,27.877628241092545],[96.257577703316727,27.859993722681995],[96.208856337881144,27.85611548022354],[96.201711379730227,27.858948770132372]],[[96.283991236101613,27.883960043798123],[96.275944448194011,27.877628241092545]],[[96.283991236101613,27.883960043798123],[96.228415935277567,27.887821053493607],[96.210297327961399,27.876539737276552],[96.182423399686328,27.876741284664309],[96.134445319862053,27.854745825419808],[96.123760245046455,27.855560595691117],[96.116856230304478,27.852656581241089],[96.109807272979765,27.851607171026359],[96.104218319452229,27.851436111056874],[96.102002406080814,27.851150380230568],[96.101173696873616,27.851096243239116],[96.100841380814018,27.851120220447012]],[[96.29558939297479,27.888787320999509],[96.283991236101613,27.883960043798123]],[[96.29558939297479,27.888787320999509],[96.278964344954744,27.897406112285363]],[[96.278964344954744,27.897406112285363],[96.234042501429954,27.909551798889606]],[[96.278964344954744,27.897406112285363],[96.259169381409365,27.910526972818104],[96.234042501429954,27.909551798889606]],[[96.234042501429954,27.909551798889606],[96.154916737957606,27.909756436723988],[96.115444986314458,27.88505342875338]],[[97.02814866735757,28.352424680200972],[97.015179112449687,28.306446170660504],[97.037975970845508,28.233774963343226],[97.034020788919833,28.161886465933978],[96.970692420741202,28.039250267885407],[96.967149636430307,27.940248918545286],[96.922683941170149,27.883632426908182],[96.850274248546157,27.877788468803342],[96.807474258471615,27.895641621510389],[96.787074101596474,27.933444233169265],[96.703779046127536,27.960100234847037],[96.67430417520859,27.95535242412608],[96.610148257877768,28.03950302224365],[96.513953198278841,28.081107468771389],[96.498781258556363,28.063176507279817],[96.452233858872873,28.057658379359108],[96.437412269821166,28.008167001526708],[96.403331634013171,27.982689924487584],[96.421204037035395,27.929534799837487],[96.397934196400101,27.898151168693232],[96.368938824747602,27.875471302696457],[96.34821788479978,27.890420783378381],[96.29558939297479,27.888787320999509]]]}},
{"type":"Feature","properties":{"objectid":26854,"rivname":"Ghagghar","rilcode":"1","origin":null,"major_trib":null,"bacode":"01","ba_name":"Indus (Up to border)","sub_basin":"Ghaghar and others","shape_Leng":468826.09622599999},"geometry":{"type":"MultiLineString","coordinates":[[[74.644285962053999,29.530454783414175],[74.673286895302283,29.530983666852755],[74.734664187540957,29.49086849796231],[74.883895061562214,29.476496063147277],[74.984493932000547,29.581870246221918],[75.032426963570416,29.603950717788731],[75.076335382278742,29.597336495836476],[75.113894777119413,29.621404806821651],[75.116879896761304,29.647567068242857],[75.145290292927399,29.649302814765697],[75.258717710690249,29.711897969921267],[75.313747759990932,29.675922703508199],[75.358818879500319,29.692529445320535],[75.373354869297557,29.716272223988351],[75.393769816680091,29.712217448223686],[75.392414076278456,29.741500076570173],[75.472008244862408,29.748178593822754],[75.509917689796083,29.712339991360171],[75.549753599933368,29.7164073290059],[75.565665174702261,29.697100769058924],[75.626771079147886,29.683712143653207],[75.661771929755474,29.739005713593961],[75.69202142114672,29.755035848782114],[75.718265225119993,29.741731240788276],[75.752487560430211,29.781813317721348],[75.812727863356216,29.772336738209273],[75.884532902644793,29.796504674360634],[75.891237886566657,29.812255179507282],[75.926751266417298,29.782159900082952],[75.945394296935916,29.7852139400641],[75.999997936410367,29.828726836730628],[76.044712517588877,29.821435060290604],[76.090882592519193,29.851284277734599],[76.117460526840318,29.847776988742563],[76.143396116306519,29.884878644912327],[76.165906407837397,29.888540716494319],[76.205708829208589,29.973619862253067],[76.187896823719655,29.998241820984507],[76.202201233010811,30.007082313322272],[76.195821735029085,30.048069447613678],[76.22192622522968,30.048612291095608],[76.242306924242413,30.077650237757112],[76.261313069867384,30.068820765398062],[76.306620102225679,30.098198048278451]],[[76.306620102225679,30.098198048278451],[76.393849665011743,30.090151765444915],[76.440173179301979,30.143709466460436],[76.465805541612824,30.145164830827667],[76.527371402253607,30.188138027507481],[76.549649160980294,30.28558633099799],[76.635506768425273,30.300047754415953],[76.648315710911163,30.332911274892897],[76.666329833798201,30.331440438323781],[76.700632017743359,30.367591472796768],[76.694056816840785,30.378759292827141],[76.718739868833552,30.380981294941165],[76.747090009448485,30.427404975524635],[76.744598801848639,30.45753098224532],[76.770109668006569,30.473752735400165],[76.77562366280776,30.583226146834576],[76.866203959181433,30.625752966905118],[76.876813186800973,30.699552076387906]],[[76.306620102225679,30.098198048278451],[76.462563540669009,30.170241133860468],[76.498824752855668,30.281848838425457],[76.53046336552049,30.313745359957601],[76.576809000759781,30.310754578084413]],[[77.094995667784232,30.807170616577775],[77.027492782660858,30.749393929495039],[76.910615735481429,30.741796530976778],[76.876855227458989,30.699623396013024]]]}},
{"type":"Feature","properties":{"objectid":26867,"rivname":"Sone","rilcode":"1","origin":null,"major_trib":null,"bacode":"2A","ba_name":"Ganga","sub_basin":null,"shape_Leng":878077.18508600001},"geometry":{"type":"MultiLineString","coordinates":[[[82.058531013973678,22.691992859576935],[82.05253495130556,22.86251562716609],[82.10650523616458,22.905094164107357],[82.092422572347218,22.936596365073306],[82.056314310603369,22.959047261531111],[81.976331135063461,23.071404923114653],[81.861782542821771,23.088479102065428],[81.857204318205063,23.109479468165098],[81.845765311319724,23.101117266185316],[81.774396624174372,23.136849503704802],[81.747451173702359,23.129411019143323],[81.738248229390805,23.152736903137527],[81.683516772272725,23.143837088499971],[81.651088871136707,23.193158744877451],[81.613364226392818,23.19675125651294],[81.634867119922802,23.228874230495979],[81.596084704114688,23.225927450831094],[81.596204662938476,23.260965934642574],[81.562835158670438,23.255913737647141],[81.478376027551064,23.297349055599646],[81.47509987602885,23.327921804384772],[81.500165591756598,23.357893041342894],[81.466233471025689,23.400359413121656],[81.414721221144106,23.395768472834447],[81.409086378475266,23.425715362412362],[81.364261685369613,23.42422867408008],[81.338257523647968,23.463682818855929],[81.305625795444698,23.448674118127876],[81.290705572571611,23.514274142307411],[81.298477069047891,23.558563256807975],[81.250711951311445,23.577428937249124],[81.236425692599553,23.632757890519354],[81.241808014816257,23.65841483103485],[81.227245217479293,23.679252964801119],[81.248114466232181,23.723444263462795],[81.214382225467986,23.743479660078329],[81.178444150989421,23.795270682199728],[81.188956014785447,23.821519868541348],[81.263126550877317,23.830616194415327],[81.268674462462201,23.843891023995386],[81.220985449317894,23.854880699395721],[81.204051407220291,23.885230110194083],[81.168204881142358,23.88126270390158],[81.159867653717995,23.895928807112746],[81.177031052997577,23.914688329668593],[81.130836776238326,23.934858764933413],[81.128492300356854,23.972424747282897],[81.069037945870008,23.965248940551582],[81.002854712912381,24.076313328568851],[81.16583561908898,24.131864866416574],[81.233449817135678,24.179224312170167],[81.355831725987173,24.191531055293485],[81.38524396094337,24.261946969552685],[81.452172836225486,24.2614955583072],[81.45876006286224,24.306807587084993],[81.565631475338989,24.334577468582715],[81.621392331740381,24.397696017400733],[81.667955982271607,24.396832893219365],[81.77891591854727,24.447328379209708],[81.942563926441323,24.471259789319678],[82.024972636658745,24.503294272511138],[82.098217391525111,24.500371561478381],[82.155105974237145,24.522599016913833],[82.202922771715066,24.522159751340663],[82.220306479565522,24.554017435293545],[82.261983929754422,24.551772308645734],[82.306749929438226,24.527406350484021],[82.335722952760165,24.559137558910155],[82.396219643186001,24.563058512943307],[82.523483625604044,24.517935571129147],[82.671751613977079,24.58172750074786],[82.70325821518955,24.578859349929424],[82.749433582160009,24.610445723579886],[82.796543635179972,24.597143182920949],[82.866371308492901,24.617559840956215],[82.950931486318225,24.599851651250997],[82.977523692701311,24.540240167889745],[83.04122745545736,24.534786233373584],[83.070572086959672,24.465467481852553],[83.213448546997498,24.471955663300136],[83.276517712635467,24.465206875672621]],[[83.276517712635467,24.465206875672621],[83.393440423965927,24.506090782082818]],[[83.202209092213138,24.466838560460452],[83.276517712635467,24.465206875672621]],[[83.356682509590016,24.501660293842978],[83.393440423965927,24.506090782082818]],[[83.393440423965927,24.506090782082818],[83.538828917490932,24.529473140620652],[83.725841331963096,24.508508893600382]],[[83.725841331963096,24.508508893600382],[83.862206786320655,24.542978215065485]],[[83.725841331963096,24.508508893600382],[83.741043090957035,24.500289917063128],[83.79307556121033,24.509296417066164],[83.862206786320655,24.542978215065485]],[[83.862206786320655,24.542978215065485],[83.908511835043271,24.548930134810849]],[[83.908511835043271,24.548930134810849],[83.977027303879993,24.606851553196645],[84.008991937138561,24.664381206650958]],[[83.908511835043271,24.548930134810849],[83.953361511719891,24.547636032369653],[83.971460507060442,24.560265130079355],[84.012657165228731,24.628803253353585],[84.008991937138561,24.664381206650958]],[[84.008991937138561,24.664381206650958],[84.064904010155402,24.77010884810813],[84.189113263732551,24.898419846682589],[84.213828906485688,24.904940569375924],[84.220448030424578,24.931558215485111],[84.297020709169431,24.992444462300185],[84.303646604292851,25.01716010463559],[84.362122764891879,25.056705134706061],[84.425647226076279,25.070377617370948],[84.485745584760792,25.203841436376759],[84.643775922776925,25.244754367484585],[84.67511746108508,25.2784097103589],[84.675222633674323,25.303020180387911],[84.726547033074553,25.329523764319894],[84.744890609348289,25.405437558036954],[84.77839729728872,25.434907058779736],[84.757993745248356,25.496538406679068],[84.772612784911544,25.550071438555324],[84.810685393130839,25.586776798010284],[84.802551036966719,25.664286130261502],[84.845918331158231,25.702677388208929],[84.873139272421724,25.697922427183389]]]}},
{"type":"Feature","properties":{"objectid":26869,"rivname":"Indus","rilcode":"1","origin":null,"major_trib":null,"bacode":"01","ba_name":"Indus (Up to border)","sub_basin":null,"shape_Leng":890146.827789},"geometry":{"type":"MultiLineString","coordinates":[[[79.53821972591814,32.636536070492546],[79.465277240563637,32.707910454313939],[79.415514956966959,32.734999459435173],[79.406921703477479,32.785183277050443],[79.320158672754474,32.883399195556834],[79.302538335243355,32.886250631591906],[79.307249050166206,32.926545995734017],[79.28368786204436,32.952671483021938],[79.236656799640969,32.974892113847801],[79.214949346241255,32.961816109304436],[79.176517438461417,32.984317855305598],[79.167663450361232,33.010828907008396],[79.119140068938037,33.039936117212243],[79.079301552762701,33.105702406281075],[79.042158928868872,33.127224594534717],[79.046121697275069,33.140081788739188],[79.000680604737212,33.15441313545233],[78.947951821683787,33.215628399945956],[78.90396885278588,33.217285022000887],[78.89783531988445,33.199357026372226],[78.842226291491841,33.168608126111778],[78.750014901357204,33.135317477097189],[78.625388334734339,33.201318323192233],[78.59102463764313,33.192330758267389],[78.54768053107702,33.243421247004143],[78.400590530955611,33.297251737877119],[78.402397464570058,33.316317579332271],[78.364981116103181,33.357476763229435],[78.28802626860957,33.364750462067938],[78.273855879362799,33.388609315208157],[78.128503612586755,33.474959695683651],[78.153032180399279,33.511304361061384],[78.154896088564996,33.544590680843825],[78.082423597268601,33.584179277927888],[78.082932736920881,33.615155704647051],[78.052766839937064,33.642191557132442]],[[78.052766839937064,33.642191557132442],[78.050659520439197,33.642844268822529]],[[78.052766839937064,33.642191557132442],[78.040358987854106,33.64321557347553],[78.026991067328396,33.649237343111665],[78.01573588772699,33.649737416555389],[78.002427838270094,33.657253226134991],[77.929503436694077,33.75259794280548],[77.884815065868111,33.756901348116656],[77.839396793308467,33.793139785460674],[77.793211346399346,33.863417076416582],[77.750010177796568,33.885743986249615],[77.661693358537178,34.045849439996957],[77.593906307263168,34.10088483439246],[77.530965226527513,34.114225165531259],[77.495282082080351,34.13858883523941],[77.424904354829422,34.12099596085698],[77.331599919191959,34.164697450155998],[77.323180131648741,34.198531588241572],[77.293270903459913,34.206565866613992],[77.26152572922112,34.187397376613482],[77.217605166322301,34.216040303524721],[77.180210816014437,34.217703717634706],[77.162733728457994,34.242298888415007],[77.131616547624105,34.233113910001087],[77.036714971675394,34.269632888527255],[77.03267999468622,34.290594186374577],[76.969227908175242,34.313656243502002],[76.923727363659779,34.303690088131958],[76.842652206693259,34.328265913550801],[76.80547788542188,34.355822427712972],[76.794124806670666,34.385564623006353],[76.769576902999461,34.381080604118608],[76.756861163742158,34.390096586952239],[76.764593192365496,34.404740714498317],[76.735477393416048,34.423764934806776],[76.691885985544417,34.429723963097764],[76.670003176358705,34.481631459922873],[76.622326984829741,34.506199650758262],[76.622544138808863,34.535875623077345],[76.599191281786815,34.559511357656866],[76.53035780479749,34.573854131815096],[76.524883513960816,34.595015866809689],[76.456095661223102,34.633385235309731],[76.376520552772192,34.634386187917904],[76.345658734743068,34.6596817218214],[76.321167353442206,34.659421117680871],[76.20292833031327,34.762184520249178],[76.187244153261489,34.834619635700726],[76.2220925088059,34.925167688569843],[76.210101825225195,34.959579269324571],[76.164890619456173,34.970875666712587],[76.119494752662135,35.028008758721207],[76.044801515569205,35.065437428776256],[76.034294339196492,35.094264531894567],[75.983808504925918,35.098679001452602],[75.912926030471013,35.179724923801935],[75.921917560344298,35.233582192861071],[75.872727530656533,35.237993983777486],[75.857998260404443,35.306912264560466],[75.8336006497657,35.340952342976244],[75.80202885180816,35.346886358312972],[75.773287638242266,35.312669653571852],[75.71097948067127,35.302188255111034],[75.690013737616013,35.316187106389123],[75.641580397850035,35.299324639410031],[75.534023102795715,35.366941801432482],[75.458438788910769,35.450957604679445],[75.400068152754855,35.477322686864831],[75.359160945754041,35.476225021021904],[75.328504719310828,35.592608950786229],[75.275685187936475,35.581125022524382],[75.175638181174236,35.58839978010225],[75.138034272496355,35.605201035439066],[75.074309166887687,35.593347804086804],[75.061811121999327,35.629819932186408],[75.006028953052137,35.62375012287562],[74.946542825568017,35.639873589197613],[74.903012871011228,35.696617120433551],[74.819947983359668,35.718690291631873],[74.74900595839641,35.714316443745794],[74.743275592630184,35.749841608532556],[74.756432783416813,35.761396441748367],[74.733236136012437,35.789691901885242],[74.740201656374694,35.846780597036279],[74.726319323172206,35.850818301542105],[74.648288365838269,35.820542220651305],[74.627922703609627,35.787566258815389],[74.650937223482131,35.763740292335143],[74.624961228654897,35.736159913883462],[74.646627634920463,35.700790513483298],[74.610937032176281,35.626218706563442],[74.639937933364422,35.576095514786005],[74.629999712713669,35.521346194945728],[74.607869486551806,35.496152921928953],[74.568489655629278,35.484024677614258],[74.498426393234482,35.487245773560225],[74.425264022105409,35.416812889931137],[74.310726770948008,35.411701196950212],[74.269751487335242,35.43281091579297],[74.237548573024924,35.41130811773759],[74.180560156684678,35.403260890221944],[74.092221678074168,35.439063016947451],[74.031218043208895,35.428105684736956],[74.014132780993464,35.452705625712589],[73.976789380614278,35.450721790842657],[73.961540248935009,35.487633673445316],[73.827371672004304,35.490364583769292],[73.770770430342552,35.521003780955247]],[[78.050659520439197,33.642844268822529],[78.049962859664276,33.643470048236324]],[[78.050659520439197,33.642844268822529],[78.04163035841917,33.64366204593103]]]}},
{"type":"Feature","properties":{"objectid":26877,"rivname":"Sabarmati","rilcode":"1","origin":null,"major_trib":null,"bacode":"11","ba_name":"Sabarmati","sub_basin":null,"shape_Leng":394934.49911600002},"geometry":{"type":"MultiLineString","coordinates":[[[72.441596013419812,22.557953431061836],[72.446459343851373,22.559225806096187]],[[72.446459343851373,22.559225806096187],[72.443345569943432,22.556620986940498],[72.441596013419812,22.557953431061836]],[[72.410140999630983,22.215140000423517],[72.392954565700805,22.252696262049561],[72.402227949526136,22.291196929056721],[72.38703849093676,22.310916950350897],[72.412358858197237,22.357618229546571],[72.359274580758608,22.404121298918756],[72.389117304380989,22.460611130796604],[72.437429881216985,22.505097533631538],[72.44222687404789,22.530767159419927],[72.424139163047087,22.558682995971385],[72.441596013419812,22.557953431061836]],[[72.446459343851373,22.559225806096187],[72.45450108581646,22.566354377672461]],[[72.45450108581646,22.566354377672461],[72.465783419462284,22.57571850886163]],[[72.45450108581646,22.566354377672461],[72.462931389330492,22.575652867563957],[72.465783419462284,22.57571850886163]],[[72.465783419462284,22.57571850886163],[72.466512605008361,22.57676689923683]],[[72.466512605008361,22.57676689923683],[72.470960761608922,22.581390346179592]],[[72.466512605008361,22.57676689923683],[72.467902210627642,22.577699648303632],[72.470960761608922,22.581390346179592]],[[72.470960761608922,22.581390346179592],[72.506348137731933,22.610715968327856]],[[72.506348137731933,22.610715968327856],[72.504942396443965,22.613260282490184],[72.50523413765201,22.618370882599017]],[[72.506348137731933,22.610715968327856],[72.50523413765201,22.618370882599017]],[[72.525131639387709,22.621785540418117],[72.53627745864344,22.621752946379662]],[[72.50523413765201,22.618370882599017],[72.504955087407907,22.62228924898168]],[[72.53627745864344,22.621752946379662],[72.536411479863119,22.625282387053677]],[[72.53627745864344,22.621752946379662],[72.536659115506509,22.623727941970614],[72.536411479863119,22.625282387053677]],[[72.504955087407907,22.62228924898168],[72.506221049854119,22.626392937946516]],[[72.504955087407907,22.62228924898168],[72.506293341672333,22.62423237323139],[72.506221049854119,22.626392937946516]],[[72.520746958507445,22.628659818873022],[72.525131639387709,22.621785540418117]],[[72.520746958507445,22.628659818873022],[72.522820170700456,22.626964008853836],[72.525131639387709,22.621785540418117]],[[72.506221049854119,22.626392937946516],[72.520746958507445,22.628659818873022]],[[72.536411479863119,22.625282387053677],[72.55209479682371,22.692358682519849],[72.518038621124532,22.700062600122116],[72.522517492211861,22.713539549574101],[72.544328183070633,22.708348562668277],[72.530430978213175,22.738140298061396]],[[72.530430978213175,22.738140298061396],[72.534115988063419,22.741394671602102]],[[72.530430978213175,22.738140298061396],[72.532514816498605,22.739568175813808],[72.534115988063419,22.741394671602102]],[[72.534115988063419,22.741394671602102],[72.536039941934845,22.743475421041985]],[[72.536039941934845,22.743475421041985],[72.536832791902327,22.760779099015025]],[[72.536039941934845,22.743475421041985],[72.541589208348427,22.751911383975454],[72.536832791902327,22.760779099015025]],[[72.536832791902327,22.760779099015025],[72.50022214048569,22.792297182629298],[72.536244866599034,22.801177364023207],[72.519270956441531,22.82162467171586]],[[72.519270956441531,22.82162467171586],[72.514152429432698,22.820498863758658],[72.505471674652071,22.824975854000236]],[[72.519270956441531,22.82162467171586],[72.505471674652071,22.824975854000236]],[[72.505471674652071,22.824975854000236],[72.492889553747659,22.884700477012053],[72.517211033812089,22.914614405035486]],[[72.517211033812089,22.914614405035486],[72.521025103435903,22.915551324036826]],[[72.517211033812089,22.914614405035486],[72.518641247924577,22.915767034444389],[72.521025103435903,22.915551324036826]],[[72.521025103435903,22.915551324036826],[72.543463384225902,22.939821518519597],[72.50837607930201,22.949904734489508],[72.525351308377893,22.974844913058035]],[[72.525351308377893,22.974844913058035],[72.527403915421218,22.974670844060384],[72.529487792668661,22.976430239125378]],[[72.525351308377893,22.974844913058035],[72.529487792668661,22.976430239125378]],[[72.529487792668661,22.976430239125378],[72.545434842386214,22.982513850503477]],[[72.545434842386214,22.982513850503477],[72.558958000318384,22.993135125758606]],[[72.545434842386214,22.982513850503477],[72.545788151125947,22.982478284560894],[72.548167611882008,22.98331109572246],[72.554068675217678,22.986785108724181],[72.558958000318384,22.993135125758606]],[[72.558958000318384,22.993135125758606],[72.600366733722296,23.083989987717835],[72.643013600364398,23.096095710681251],[72.647279797797225,23.138715324967276],[72.67571005603655,23.148962442799235],[72.657861956560495,23.187309367156509],[72.685763589406847,23.222662018255242],[72.680840134141647,23.262246551166591],[72.700510840746603,23.275051131053878],[72.719387653158478,23.361543692222046],[72.735372043360556,23.371515141466123],[72.725581321260819,23.397266429155341],[72.772260993522977,23.415123663081431],[72.80011047534208,23.405642314522979],[72.792855306158131,23.427572436117856],[72.818684125915553,23.467864917513101],[72.796191900007841,23.502521429499758],[72.823323724382874,23.501966736494527],[72.832701478015494,23.5408202956969],[72.806240726169392,23.579463849920987],[72.842542156978652,23.612123651974912],[72.815962665796377,23.640389320324324],[72.835468169803761,23.667928609818862],[72.79602342222222,23.753887404399752],[72.814712303729962,23.797826861438203],[72.787886682966132,23.825920680682],[72.804492647323059,23.902299694163286]],[[72.804492647323059,23.902299694163286],[72.815583897682302,23.923135114450179]],[[72.804492647323059,23.902299694163286],[72.815484410026727,23.91565076930361],[72.815583897682302,23.923135114450179]],[[72.815583897682302,23.923135114450179],[72.823575476408251,23.958463451347178],[72.853191883951027,23.978215702554195],[72.858749520548599,24.020611821196589],[72.923156156609579,24.040684534409603],[72.929332631445277,24.092330874189059],[72.971862655884465,24.123015764270864],[72.950720003621328,24.151851655993227],[72.991799995141065,24.184016627646439],[72.992756485645501,24.223634229428832],[73.101927228633429,24.308517091083775],[73.08805322318544,24.332807321430035],[73.114348063817516,24.345277323024103],[73.12619753140865,24.375876361455202],[73.116740777151222,24.442293464749657],[73.147206520251387,24.476485916826757]],[[73.147206520251387,24.476485916826757],[73.149516213557462,24.479899470843044]],[[73.147206520251387,24.476485916826757],[73.150583701642333,24.478347984045726],[73.151303071643582,24.480890450749921]],[[73.149516213557462,24.479899470843044],[73.151303071643582,24.480890450749921]],[[73.149516213557462,24.479899470843044],[73.154414364989307,24.491224812170373]],[[73.151303071643582,24.480890450749921],[73.154414364989307,24.491224812170373]],[[73.154414364989307,24.491224812170373],[73.230455572631755,24.620094861896852]]]}},
{"type":"Feature","properties":{"objectid":26878,"rivname":"Damodar","rilcode":"1","origin":"Hills Of The Chottanagpur Plateau, Bihar","major_trib":"Barakar, Jamuniya, Konar, Gowai N","bacode":"2A","ba_name":"Ganga","sub_basin":null,"shape_Leng":580534.88330700004},"geometry":{"type":"MultiLineString","coordinates":[[[88.06802348269018,22.35160688964508],[88.030026469310044,22.314054632857779],[88.088582630569888,22.282426623051865]],[[88.06802348269018,22.35160688964508],[88.095195961369058,22.350827762018653]],[[87.647973609322065,23.231988886397144],[87.688625216892021,23.246440613005756]],[[87.688625216892021,23.246440613005756],[87.666934030560142,23.24694618495737],[87.647973609322065,23.231988886397144]],[[87.688625216892021,23.246440613005756],[87.738967504839167,23.253051167586115],[87.802796420689987,23.236374775565714],[88.006386457378525,23.150954531440721],[87.95751167001616,23.004110879908112],[87.97745764644749,22.977870779679389],[87.959781930632985,22.951322533883715],[87.981628379546422,22.921623939633754],[87.95364824458278,22.872525288614177],[87.972962304024591,22.852623834661475],[87.963338915028459,22.822728484579422],[87.990425251580561,22.773498525805721],[88.003203636356005,22.660904280737761],[87.970008985097351,22.620874160769333],[87.971224300235264,22.597809746567915],[87.992936922257016,22.591070478260015],[87.998523895731182,22.569973832804568],[87.960130684804057,22.500344038910026],[87.965440232367499,22.479950738397122],[87.996524539391402,22.474908896163434],[88.006022716499174,22.446208731162301],[88.026918008937514,22.439899645411668],[88.030442517514786,22.399425843138868],[88.06802348269018,22.35160688964508]],[[84.672635591824246,23.618300333961713],[84.672336513233049,23.636955233661102],[84.705145033473258,23.654422638279502],[84.757459317346004,23.654821792397115],[84.772037029484039,23.669741001593234],[84.822238738811308,23.655301178584171],[84.848628459665662,23.683413900343869],[84.87202227629227,23.674952589091468],[84.903269518382345,23.693903130674794],[84.923175514819377,23.682228951183578],[84.949410279883381,23.702821012846702],[84.962584250387053,23.696613986747117],[84.968973595905297,23.717428021363077],[85.00558289757295,23.681441228974027],[85.011767356074628,23.696260523611993],[85.036109434183359,23.690393232539407],[85.055373508891037,23.72028572279574],[85.097636155822954,23.717558632036319],[85.089160107176838,23.734137824646506],[85.131383332030993,23.693534357409266],[85.178288982004347,23.71161308013038],[85.223614923846583,23.700787664821942],[85.228610866377196,23.684501167735807],[85.244982126683624,23.711864908970014],[85.306463251935469,23.683419581593313],[85.33615186695225,23.703571449899751],[85.35926980669278,23.673461269865353],[85.430639094154571,23.636128761951497],[85.557383298056777,23.650727364152406],[85.651211087676188,23.608801309483749],[85.678431206797654,23.647898445653038],[85.711631028351007,23.633396171507393],[85.726712778538314,23.656420329216662],[85.756257268891801,23.664207025810317],[85.783975753040721,23.733554511718296],[85.83373218215813,23.724407531409213],[85.845853849073592,23.745911799846162],[85.933786949052887,23.754443763003962],[85.959107335281061,23.771338331195828],[85.976174817504898,23.7456107870922],[86.018762398120558,23.766199264342379],[86.043230138187297,23.748896715453355],[86.228433640608316,23.709748747041608],[86.372469497006037,23.711689250714311],[86.387592888717606,23.66950417669014],[86.525709850281245,23.631779930756952],[86.653347772286537,23.684666849994141],[86.717941958838651,23.695259114884802],[86.759070567994769,23.676006006527032],[86.800143485541838,23.688380330918058]],[[86.800143485541838,23.688380330918058],[86.814384926597313,23.687889375934272]],[[86.800143485541838,23.688380330918058],[86.806933157655351,23.692969794228461],[86.814384926597313,23.687889375934272]],[[86.814384926597313,23.687889375934272],[86.846043313738477,23.68151181742347],[86.908205524006362,23.628818565071711],[87.007305916069328,23.630411182904549],[87.130279071387832,23.566489091766339],[87.212376973339275,23.554951947315526],[87.356281930168805,23.429387396418527],[87.436987184701096,23.397778281023978],[87.581002233405854,23.267462469008485],[87.647973609322065,23.231988886397144]]]}},
{"type":"Feature","properties":{"objectid":26880,"rivname":"Subansiri","rilcode":"1","origin":null,"major_trib":null,"bacode":"2B","ba_name":"Brahamaputra","sub_basin":"Brahmaputra Upper","shape_Leng":383581.885457},"geometry":{"type":"MultiLineString","coordinates":[[[94.18354895766474,27.150437154303923],[94.188805390518567,27.138055346361558],[94.161888435709642,27.116399177901119],[94.159571634886177,27.091767721203741],[94.139433621897396,27.087425104706508],[94.140314658437916,27.061957252934715],[94.108730374634817,27.024357455474252],[94.087470553216974,27.031436865088381],[94.018471315212494,27.005543453997639],[93.990556537986492,26.943453867722788],[93.958670422803095,26.93872104847631],[93.934690931054718,26.894540340848241],[93.904177605587961,26.887903405695926],[93.874313190830833,26.847467804923692]],[[94.249647577486769,27.432983137732872],[94.237256198019864,27.425143037619844],[94.243976054256279,27.389166085465181],[94.215952004277185,27.375213776905536],[94.231206486516896,27.343526492137251],[94.206671236727459,27.332540969236572],[94.193743885784087,27.284653499377555],[94.225921208959747,27.255743792562892],[94.192235071514233,27.233405656806536],[94.1693942344032,27.164648321915973],[94.18354895766474,27.150437154303923]],[[94.249647577486769,27.432983137732872],[94.26276910511983,27.381434942544974],[94.277662708347265,27.385066104414136],[94.29425666035894,27.356558682356933],[94.272620171784141,27.309531047746823],[94.232799697281791,27.292493546580843],[94.239700882504948,27.255702473839857],[94.275901145228985,27.231400639882917],[94.247409746489623,27.218835920551875],[94.247148494556683,27.191244106354709],[94.18354895766474,27.150437154303923]],[[93.187493590053435,28.437437964306479],[93.307299201370711,28.437670364271881],[93.337313592304795,28.417793340977649],[93.361387614295651,28.436062958150185],[93.419232084883433,28.384086034226893],[93.530440786360302,28.354439781434039],[93.560650946078852,28.373016166812974],[93.639111995943324,28.3733569393472],[93.675860465743085,28.3994104809567],[93.798056737049009,28.412242344712251],[93.941094886730099,28.366823802774118],[94.029687399517215,28.36523702226658],[94.07861829716505,28.285901318052588],[94.122451930618254,28.240785938360666],[94.157687020663374,28.232391065893911],[94.160207556611027,28.113780295116651],[94.144759966972444,28.088311216440026],[94.193383840039743,28.039721673132572],[94.204423172950825,27.999629788271282],[94.291247200640782,27.965862469574638],[94.324297362532306,27.89333770385139],[94.317840620393525,27.853451242898348],[94.350454154759262,27.831577329250958],[94.3108363671615,27.745914848969157],[94.332426334955926,27.725526236004324],[94.354847606614655,27.729428584875354],[94.354864473483204,27.717125535790469],[94.245685289675734,27.649036075973751],[94.209785553933045,27.608073973867914],[94.228147021528457,27.571335098570408],[94.25887445655907,27.555139911721962],[94.259246758508709,27.533971084172975],[94.295048912429991,27.507672678370128],[94.249647577486769,27.432983137732872]]]}},
{"type":"Feature","properties":{"objectid":26882,"rivname":"Jaldhaka","rilcode":"1","origin":null,"major_trib":null,"bacode":"2B","ba_name":"Brahamaputra","sub_basin":"Brahmaputra Lower","shape_Leng":237650.49002900001},"geometry":{"type":"MultiLineString","coordinates":[[[89.27474732880043,26.254075562574652],[89.301732697264214,26.210797139689603],[89.302021857602327,26.163095879947925],[89.317803008714648,26.138737461168155],[89.407609174204325,26.085165625049331],[89.433475981153364,26.031518581553119],[89.467146361069354,26.012276075105188],[89.462283196314388,26.001349514872608]],[[89.263024593762012,26.274066045512658],[89.266212227039148,26.261906158406241],[89.27474732880043,26.254075562574652]],[[89.263024593762012,26.274066045512658],[89.27474732880043,26.254075562574652]],[[89.232124364743029,26.327390679248857],[89.270011934958831,26.312499856278009],[89.263024593762012,26.274066045512658]],[[89.208204494443706,26.365626596511582],[89.232124364743029,26.327390679248857]],[[89.208204494443706,26.365626596511582],[89.209006853235195,26.365641549488945],[89.218075842239344,26.363718128573723],[89.218859449885613,26.36328990886032],[89.237754231851866,26.34592989285758],[89.232124364743029,26.327390679248857]],[[89.198710396977148,26.381146012448848],[89.208204494443706,26.365626596511582]],[[89.205483840421167,26.396057833308966],[89.196983257267263,26.388667890419551],[89.198710396977148,26.381146012448848]],[[89.205483840421167,26.396057833308966],[89.198710396977148,26.381146012448848]],[[89.213658862433931,26.404364789994201],[89.205483840421167,26.396057833308966]],[[89.216074358181743,26.426636206342156],[89.213658862433931,26.404364789994201]],[[89.216074358181743,26.426636206342156],[89.222259366865856,26.420973608584521],[89.213658862433931,26.404364789994201]],[[89.206367746006819,26.45014363523148],[89.216074358181743,26.426636206342156]],[[89.160936065148036,26.473962999654113],[89.206367746006819,26.45014363523148]],[[89.160936065148036,26.473962999654113],[89.187591304991429,26.473904774737253],[89.206367746006819,26.45014363523148]],[[88.938272024203812,26.568441446075358],[88.972003018712243,26.53563022456326],[89.078386201159617,26.505354602546607],[89.117732691177494,26.472221658656093],[89.160936065148036,26.473962999654113]],[[88.886351129833969,26.615925780222163],[88.892837695544443,26.599971422124412],[88.938272024203812,26.568441446075358]],[[88.886351129833969,26.615925780222163],[88.938272024203812,26.568441446075358]],[[88.871429383164212,26.628375678226821],[88.877410992227141,26.621599416566493],[88.882781781007225,26.621061309226906],[88.878165957082516,26.62566249956549],[88.871429383164212,26.628375678226821]],[[88.869613596628724,26.638021461606836],[88.871429383164212,26.628375678226821]],[[88.877639150230735,26.66058416835903],[88.886351129833969,26.615925780222163]],[[88.873077199967227,26.670880635101202],[88.864578514098085,26.652283505236905],[88.869613596628724,26.638021461606836]],[[88.873077199967227,26.670880635101202],[88.869613596628724,26.638021461606836]],[[88.873664951137215,26.674300548506277],[88.873077199967227,26.670880635101202]],[[88.873956159084486,26.675455841051477],[88.873664951137215,26.674300548506277]],[[88.873956159084486,26.675455841051477],[88.877639150230735,26.66058416835903]],[[88.87765941295369,26.68432546011843],[88.873956159084486,26.675455841051477]],[[88.87765941295369,26.68432546011843],[88.877639150230735,26.66058416835903]],[[88.878834228175918,26.695583466556737],[88.87765941295369,26.68432546011843]],[[88.866494818952134,26.716577616744939],[88.873664951137215,26.674300548506277]],[[88.866494818952134,26.716577616744939],[88.878834228175918,26.695583466556737]],[[88.864849429716884,26.721001680442541],[88.866494818952134,26.716577616744939]],[[88.862189106648088,26.744672933341722],[88.864849429716884,26.721001680442541]],[[88.862189106648088,26.744672933341722],[88.878834228175918,26.695583466556737]],[[88.861100182090667,26.756046913080716],[88.855253651958975,26.737276121952679],[88.864849429716884,26.721001680442541]],[[88.861100182090667,26.756046913080716],[88.862189106648088,26.744672933341722]],[[88.895561044502259,26.87245179686408],[88.885172363633629,26.790925596237471],[88.861100182090667,26.756046913080716]],[[88.896927932212492,26.902502233769383],[88.891044526801437,26.893267186212341],[88.895561044502259,26.87245179686408]],[[88.896927932212492,26.902502233769383],[88.895561044502259,26.87245179686408]],[[88.871053507715686,27.1089238761292],[88.871116714588553,26.962196620612442],[88.896927932212492,26.902502233769383]]]}},
{"type":"Feature","properties":{"objectid":26889,"rivname":"Teesta","rilcode":"1","origin":null,"major_trib":null,"bacode":"2B","ba_name":"Brahamaputra","sub_basin":"Brahmaputra Lower","shape_Leng":339229.54321600002},"geometry":{"type":"MultiLineString","coordinates":[[[88.908740590696922,26.317358329284936],[88.973623140566829,26.264123327054879],[88.977866104718515,26.240831281589593]],[[88.868309328496622,26.349636073965549],[88.908740590696922,26.317358329284936]],[[88.849830443640087,26.363465384677355],[88.868309328496622,26.349636073965549]],[[88.849830443640087,26.363465384677355],[88.861740261787773,26.359063562944961],[88.868309328496622,26.349636073965549]],[[88.834419268991013,26.365616062961454],[88.917535996480936,26.287920326856394]],[[88.834419268991013,26.365616062961454],[88.849830443640087,26.363465384677355]],[[88.783124444186669,26.441055583722058],[88.799392675180343,26.406264927677466],[88.829248436986674,26.394854642990673],[88.834419268991013,26.365616062961454]],[[88.783124444186669,26.441055583722058],[88.788665879694037,26.441389048453669],[88.797706742411208,26.440354874130133],[88.798549675266258,26.44130820073137]],[[88.798549675266258,26.44130820073137],[88.847629540576662,26.415905486038628],[88.86339445199927,26.376123431294165],[88.911168931227834,26.339513085890161],[88.908740590696922,26.317358329284936]],[[88.764315422667238,26.454911062663513],[88.783124444186669,26.441055583722058]],[[88.763022313470017,26.459070534077537],[88.764315422667238,26.454911062663513]],[[88.763022313470017,26.459070534077537],[88.798549675266258,26.44130820073137]],[[88.74294523059443,26.505660388537567],[88.746208286223833,26.466171345243669],[88.764315422667238,26.454911062663513]],[[88.74294523059443,26.505660388537567],[88.763022313470017,26.459070534077537]],[[88.629205504282567,26.707215578365886],[88.657349447267222,26.66447279891937],[88.663083969628332,26.623451246964432],[88.758565226473493,26.566445544534879],[88.74294523059443,26.505660388537567]],[[88.621223512547417,26.740379126669236],[88.629205504282567,26.707215578365886]],[[88.601448250392195,26.750547673031576],[88.610985248184278,26.738661672285843],[88.621223512547417,26.740379126669236]],[[88.601448250392195,26.750547673031576],[88.621223512547417,26.740379126669236]],[[88.587984193798974,26.761512409041796],[88.5886394101165,26.743198577725746],[88.629205504282567,26.707215578365886]],[[88.587984193798974,26.761512409041796],[88.601448250392195,26.750547673031576]],[[88.587984193798974,26.761512409041796],[88.549457406796975,26.811991397652623],[88.48978674108217,26.845448723333213],[88.474365453617111,26.913061109891061],[88.428581289497814,26.970110860834897],[88.44716624276198,27.010158710649542],[88.425560177941477,27.064086864657082],[88.475837883002669,27.122205738484958],[88.532531523427068,27.150345671541395],[88.48452737830128,27.203620076476476],[88.490296076468866,27.234608372311101],[88.438007855051239,27.275658329274613],[88.44892484401251,27.314406295375139],[88.482218529518079,27.331004959101257],[88.480432163576751,27.373232926484985],[88.518892980036242,27.401356841120265],[88.51070687420949,27.44161437430818],[88.526408250289919,27.510043665986803],[88.541403864000543,27.527738383879967],[88.655332549491263,27.553917809514815],[88.656472637376041,27.592204969759376],[88.619340855556743,27.620531083362749],[88.544759958106511,27.751416071254031],[88.547883585074615,27.865282538932387],[88.524701353029812,27.908879840051132],[88.534541234943134,27.930618127354688],[88.572818099539873,27.949359381720686],[88.594472541643157,28.0217286748851],[88.638856830617513,28.041404294225647]]]}},
{"type":"Feature","properties":{"objectid":26891,"rivname":"Dihang/Siang","rilcode":"1","origin":null,"major_trib":null,"bacode":"2B","ba_name":"Brahamaputra","sub_basin":"Brahmaputra Upper","shape_Leng":447682.75259400002},"geometry":{"type":"MultiLineString","coordinates":[[[94.909657438593968,27.590662915975102],[94.900626107066486,27.586808342973786]],[[94.94196950636524,27.617355243989802],[94.909657438593968,27.590662915975102]],[[94.94196950636524,27.617355243989802],[94.932759806359215,27.592950904539641],[94.909657438593968,27.590662915975102]],[[95.133841952258777,27.613184197979503],[95.115926503605607,27.572308262520849],[95.058651672552529,27.54517758118881],[95.095794071036522,27.592602365854894],[95.133841952258777,27.613184197979503]],[[94.998530334428679,27.645366911086654],[94.96527915518115,27.605213770870499],[94.922622735009867,27.584078103926487]],[[94.998530334428679,27.645366911086654],[94.94196950636524,27.617355243989802]],[[95.315733721089998,27.803916352466018],[95.233103776557755,27.728808392468011],[95.116018172457174,27.718374564315017],[94.998530334428679,27.645366911086654]],[[95.315733721089998,27.803916352466018],[95.272719906680834,27.720861063228444],[95.2138825488842,27.683198663074588],[95.167484165132322,27.673356372792497],[95.133841952258777,27.613184197979503]],[[95.338918297571823,27.819731007720758],[95.315733721089998,27.803916352466018]],[[95.401278726749837,27.927800982916938],[95.412266311743295,27.893297707355558],[95.385520132157183,27.830622411003905],[95.349734433112047,27.814338944869913],[95.338918297571823,27.819731007720758]],[[95.392020393256161,27.941821853941455],[95.373256042775964,27.85105771787283],[95.338918297571823,27.819731007720758]],[[95.392020393256161,27.941821853941455],[95.401278726749837,27.927800982916938]],[[95.384962445476248,27.947279391219393],[95.392020393256161,27.941821853941455]],[[95.386132737512739,28.028890897459192],[95.385392557990073,28.022617326318951],[95.396411354426874,27.996467121852998],[95.384962445476248,27.947279391219393]],[[95.386132737512739,28.028890897459192],[95.430438285695246,27.981994921014991],[95.401278726749837,27.927800982916938]],[[95.341618452706243,28.07658248704919],[95.366854234131424,28.045955071046215],[95.357499726777945,28.003792734422841],[95.378301448539048,27.976403673474831],[95.365540946251159,27.956107272678452],[95.384962445476248,27.947279391219393]],[[95.341618452706243,28.07658248704919],[95.382944993368014,28.059926010611665],[95.386132737512739,28.028890897459192]],[[95.018265340435136,29.131590472948332],[95.015673386910663,29.118873872803011],[94.962009770469365,29.120833349491313],[94.926521516223616,29.054799925207778],[94.901720604264071,29.047312014774363],[94.904161937455271,28.988624972342418],[94.813813445770094,28.924746340034993],[94.78349892650688,28.928845628700646],[94.757938642626328,28.866634535049894],[94.799694084184011,28.857226337590564],[94.771905413894899,28.82921867468081],[94.808553643886526,28.802525794378713],[94.827784531348982,28.824893571909275],[94.856907697134702,28.81425343483782],[94.87546852557503,28.825207705787214],[94.925699692144136,28.800140860991668],[94.866959387681831,28.778063922236203],[94.864961589190187,28.755683002554573],[94.896143651461031,28.763444153721796],[94.976855261832952,28.703963676669296],[94.978004573849859,28.667377612964959],[95.011834509629992,28.67145261406769],[95.014615880049973,28.633060851375657],[95.036267111967774,28.598682620619353],[95.068934361048477,28.584050658227962],[95.078772316932032,28.511383163215058],[95.10075633544659,28.499237867712232],[95.101356497858902,28.456971417212667],[95.066281706235927,28.415661486766691],[95.077906182341835,28.395405514291049],[95.068896321381601,28.361902176037756],[95.036725410860484,28.350004198581178],[95.025574826124384,28.326895717504719],[94.993250862392671,28.343028866824177],[94.996391609800639,28.318303714474521],[94.951879094841431,28.305402485504779],[94.953604971293132,28.281580035132972],[94.979686103500327,28.284795294299077],[95.008203155295448,28.195799785402052],[95.115662352443934,28.134511477106507],[95.200185759481016,28.162252734957018],[95.205684361729979,28.177809216161336],[95.245008362500428,28.167030819356146],[95.292013133179395,28.137728817062744],[95.283832004250812,28.104110707177217],[95.329453929847503,28.095703987277027],[95.341618452706243,28.07658248704919]]]}},
{"type":"Feature","properties":{"objectid":26985,"rivname":"Hasdeo","rilcode":"1","origin":null,"major_trib":"Aharan, Gej, Budhra, Chornai","bacode":"08","ba_name":"Mahanadi","sub_basin":"Mahanadi Middle","shape_Leng":334761.62822200003},"geometry":{"type":"MultiLineString","coordinates":[[[82.720513879926642,21.839924063230857],[82.730776651508265,21.736877301183828],[82.745639703635547,21.719200100884635]],[[82.720842261615701,21.847189838400002],[82.720513879926642,21.839924063230857]],[[82.720842261615701,21.847189838400002],[82.721439093314373,21.843201768203773],[82.720513879926642,21.839924063230857]],[[82.689276907024066,21.942088276745242],[82.712357760124178,21.906621202383572],[82.720842261615701,21.847189838400002]],[[82.685281533593425,21.952983329187525],[82.686070820478861,21.943818938547484],[82.689276907024066,21.942088276745242]],[[82.685281533593425,21.952983329187525],[82.689276907024066,21.942088276745242]],[[82.486232733492685,23.557774114771664],[82.533494646838932,23.509946596353902],[82.543307420683817,23.475575548949251],[82.500867295264982,23.449549092571147],[82.506178226362394,23.422305639628558],[82.483925243375182,23.404752059811447],[82.467821738041067,23.414425347662679],[82.43487118353147,23.400209355938252],[82.43677041519733,23.389452147583722],[82.426087105256983,23.400706866495135],[82.411995978536524,23.379389668858455],[82.371797621613425,23.394507835605161],[82.361791387931447,23.3738635040392],[82.34156563680726,23.37492916980208],[82.321097497710056,23.332550355565733],[82.284022441452763,23.306390590607073],[82.307944304363659,23.301251662807029],[82.310605357754326,23.286012263621828],[82.278672982467739,23.277213026123615],[82.260859234030221,23.234711509749474],[82.213052086814884,23.200012564582266],[82.190763313475642,23.149046718132414],[82.204686261421614,23.105453052249111],[82.261038664196178,23.093235108541435],[82.285163300816649,23.064562977630725],[82.31495672603063,23.064543506525073],[82.306079914167881,23.037094755436147],[82.347802530284554,23.009615470325226],[82.374309237742111,22.930109430106814],[82.423272198524572,22.916749828033652],[82.421664192125832,22.879375254292452],[82.439330319870791,22.891708070200522],[82.460773644012605,22.863354371625352],[82.504225266720283,22.859869087429377],[82.524476382403549,22.885904725572011],[82.556772308702236,22.858144697675684],[82.584157627636387,22.798743414097956],[82.558334559391668,22.788531056474959],[82.567503242779381,22.710615124970886],[82.62374739062794,22.676801142961907],[82.659261933485112,22.634027932410124],[82.663204666547728,22.61952377449839],[82.589070131155168,22.602511360598477],[82.56799052336379,22.574701519683579],[82.680341446927073,22.478301016872329],[82.709973180077398,22.384667631223746],[82.687303667284297,22.357499407335069],[82.710262021439007,22.303323843203838],[82.665489898610957,22.22880956403845],[82.666365190559191,22.175509470504],[82.636159853680525,22.125169503559508],[82.65166912236036,22.097768397743202],[82.628487325968578,22.081787413241734],[82.63915565046382,22.030506827098296],[82.685281533593425,21.952983329187525]]]}},
{"type":"Feature","properties":{"objectid":26996,"rivname":"Vamsadhara","rilcode":"1","origin":null,"major_trib":null,"bacode":"16","ba_name":"East flowing rivers between Mahanadi and Pennar","sub_basin":"Vamsadhara and other","shape_Leng":286989.987295},"geometry":{"type":"LineString","coordinates":[[83.381094256287327,19.665125433220638],[83.355413357260645,19.669726727576496],[83.357300135770714,19.69434779216623],[83.414135799729166,19.724940122492146],[83.473775570959788,19.801629126273333],[83.555802989455586,19.604691452101449],[83.594047663191361,19.637052359734351],[83.622351483379674,19.603426670324943],[83.654540348010372,19.597571211248376],[83.687941399025021,19.523841171248094],[83.739140972896337,19.524855955975948],[83.735547015097339,19.484415822512723],[83.773448857456188,19.427619237287651],[83.757935439279152,19.397299844730416],[83.78176129234707,19.339322728058079],[83.767396057376459,19.313456760823012],[83.785268355429835,19.297284932170612],[83.765584840458445,19.229871224151474],[83.822967461072011,19.152135733609981],[83.81436996248938,19.094941271260879],[83.786281150923941,19.065804556946677],[83.797553072171766,18.997713086885962],[83.811585803809351,18.98957794699751],[83.827983998281653,18.917973102545094],[83.847194351914055,18.91429504182085],[83.850323884829265,18.858079343783015],[83.873296160218672,18.848510771671791],[83.896634918738684,18.805979169844953],[83.924744337843009,18.801043193605739],[83.929610417836514,18.783619652820271],[83.951700325399045,18.787231053493553],[83.980396096957378,18.758581998863537],[83.960677732074487,18.726206941515407],[83.981453516039537,18.716171346739319],[83.949770823756381,18.650419067232523],[83.972360255155806,18.613689748963143],[83.954389266451329,18.602100626443672],[83.977394384281283,18.546885267811149],[83.958432745623554,18.510166580364189],[83.933477064039295,18.496969645344493],[83.959327825568536,18.463676423593725],[83.941251008118471,18.419501315106032],[84.009055904803958,18.348276286130933],[84.059368707516157,18.331229786932113],[84.102329701583002,18.350997183443802],[84.1315547126176,18.340992079620619]]}},
{"type":"Feature","properties":{"objectid":26997,"rivname":"Gundlakamma","rilcode":"1","origin":null,"major_trib":null,"bacode":"16","ba_name":"East flowing rivers between Mahanadi and Pennar","sub_basin":"East flowing rivers between krishna and Pennar","shape_Leng":281791.84998599999},"geometry":{"type":"LineString","coordinates":[[80.226291304619892,15.535939809411641],[80.179251949074697,15.56981662223351],[80.1489625034136,15.5495131537585],[80.10279809967578,15.57040162616055],[80.105941564159593,15.588765661676447],[80.072574672604588,15.606612978922],[80.05824393132086,15.645219976696279],[80.024832886799416,15.627028477463808],[80.026132775142926,15.643868981907818],[79.987296797068154,15.648579488788119],[79.966164869915602,15.732906028160132],[79.950789472818073,15.743678569552705],[79.963721758473042,15.803253605465633],[79.947777443135323,15.856431175313498],[79.874840221796546,15.918392778202652],[79.841083865179129,15.990443967869876],[79.731178841502484,16.018358452133377],[79.671573177965683,15.995409544053434],[79.585406347823508,16.009329571614323],[79.525797031259017,15.985084683215904],[79.505548209480736,15.960586322867496],[79.429632348401142,15.942341868097431],[79.353855049418385,15.859454387474324],[79.32232120759835,15.84419635299178],[79.303594035944386,15.777875177049278],[79.215686901565604,15.72159089915051],[79.19495750744268,15.600579530141587],[79.154909615764197,15.590611638802695],[79.122514434959953,15.559188631082471],[79.078147597176581,15.576187438840522],[79.040147046728592,15.554771535057469],[79.014819890048571,15.559204890482441],[78.980922239336891,15.519823562431258],[78.911546742271014,15.539826585202421],[78.870856420033476,15.506795623608342],[78.868709869697454,15.554301146516076],[78.849190865377309,15.575667471959076],[78.831594635103144,15.571689832654993],[78.832110342751719,15.597208306489636],[78.758033787161295,15.646403635579782],[78.768905610700997,15.678579342902317]]}},
{"type":"Feature","properties":{"objectid":26998,"rivname":"Periyar","rilcode":"1","origin":"Originate from Sivagiri peak","major_trib":null,"bacode":"15","ba_name":"West flowing rivers from Tadri to Kanyakumari","sub_basin":"Periyar and others","shape_Leng":283382.93564099999},"geometry":{"type":"MultiLineString","coordinates":[[[77.239494941523745,9.28688162998924],[77.249983039065768,9.316460536777475],[77.274984394155808,9.32284597998453],[77.279286319205298,9.370469600954591],[77.315508033896194,9.383781499524531],[77.302364824754022,9.388948586435601],[77.305998945593387,9.419390090374863],[77.297069525401653,9.41402435272728],[77.29783164445881,9.432191946063757],[77.315317650254912,9.431977455964645],[77.287728766530705,9.481759270162325],[77.260966372264676,9.48494867412813],[77.262104548010996,9.522128501499834],[77.112712978284975,9.528027130075413],[77.094229340073738,9.563481464225433],[77.081874110870743,9.562137515632068],[77.083428962488412,9.608588206189221],[77.013754796644449,9.657258397932805],[77.031602552937102,9.714464751205915],[77.014145247025553,9.728394694814925],[77.014405783754867,9.765159651139731],[77.032790152137451,9.786913070127893],[76.962743336451283,9.85827631061351],[76.983523337720129,9.951473700996115],[76.767028816833161,10.060493430841671],[76.629060673700195,10.172375126634813],[76.59177367311608,10.174225567085585],[76.558916666151944,10.195749986183946],[76.469228567122627,10.181221743599595],[76.429466255585638,10.151983834888499],[76.456453513074337,10.133814882111166],[76.449615943124911,10.120185282067922],[76.357800239415809,10.114885554501349]],[[76.357800239415809,10.114885554501349],[76.311759756095114,10.076497635144682],[76.284044509938681,10.094860083950161],[76.279473745967593,10.047473240267342],[76.246165079014759,10.031872855995195]],[[76.168864262495902,10.184007761674394],[76.214871990383287,10.193627412011201],[76.292715961422857,10.137401320194423],[76.329621695837474,10.150853030150534],[76.357800239415809,10.114885554501349]]]}},
{"type":"Feature","properties":{"objectid":27069,"rivname":"Hooghly","rilcode":"1","origin":"Splits From Ganga At Farakka Barrage","major_trib":null,"bacode":"2A","ba_name":"Ganga","sub_basin":"Bhagirathi and others (Ganga Lower)","shape_Leng":299428.59634599998},"geometry":{"type":"MultiLineString","coordinates":[[[87.906625071147971,21.617535606167099],[87.971435788611274,21.747093931680528],[88.203912067880495,22.036201317202693],[88.192339201920504,22.140026729382651],[88.145752496790351,22.186826081999463],[88.06650721534227,22.201689161860259],[88.096034617490375,22.304372589935131],[88.097263745439363,22.368530892495372],[88.140402610255705,22.415090640273469],[88.118595933793429,22.465917076568473],[88.237299198170845,22.524172349637546],[88.239423816036606,22.559607736170783],[88.321266962024552,22.552031830502955],[88.365298099048772,22.611771568517643],[88.353165016841189,22.657233371591733],[88.361418830635685,22.745883855190591],[88.331577486333344,22.781037652500984],[88.375971702207224,22.832131883137571],[88.373444840682779,22.860452448857778],[88.406674112362893,22.882593492775445],[88.404610460831691,22.985704347542249],[88.438991162906134,23.014859675772684]],[[88.438991162906134,23.014859675772684],[88.456526346563763,23.052924961716066]],[[88.456526346563763,23.052924961716066],[88.444765333121424,23.035555468364173],[88.438991162906134,23.014859675772684]],[[88.456526346563763,23.052924961716066],[88.507271065400715,23.099947888911377]],[[88.507271065400715,23.099947888911377],[88.509296702061192,23.120947842513061]],[[88.509296702061192,23.120947842513061],[88.48523181248305,23.130293372828344]],[[88.509296702061192,23.120947842513061],[88.502517962904676,23.131326882432639],[88.48523181248305,23.130293372828344]],[[88.46866215176027,23.12854966612645],[88.507271065400715,23.099947888911377]],[[88.46866215176027,23.12854966612645],[88.450583462170755,23.138005039713327]],[[88.48523181248305,23.130293372828344],[88.474388172647323,23.128674480929618],[88.471124666835593,23.128409467279702],[88.46866215176027,23.12854966612645]],[[88.450583462170755,23.138005039713327],[88.450982153681636,23.156446677808194]],[[88.450583462170755,23.138005039713327],[88.452102137162015,23.147552237776932],[88.450982153681636,23.156446677808194]],[[88.450982153681636,23.156446677808194],[88.450095682217878,23.166322055410429]],[[88.450095682217878,23.166322055410429],[88.448443754594294,23.175415759402778],[88.459416816229492,23.182294477824851]],[[88.450095682217878,23.166322055410429],[88.459416816229492,23.182294477824851]],[[88.459416816229492,23.182294477824851],[88.473963179915714,23.219152103774899],[88.456094710371403,23.227975893069349],[88.421183473548396,23.209133236470898],[88.369207262503593,23.226808592168105],[88.332096394785026,23.263378204481874],[88.348229903686956,23.29150737278254]],[[88.348229903686956,23.29150737278254],[88.349732748658894,23.312296986277893]],[[88.348229903686956,23.29150737278254],[88.355764140940224,23.302532151589048],[88.349732748658894,23.312296986277893]],[[88.349732748658894,23.312296986277893],[88.328049273927988,23.349689176323245],[88.378504778893827,23.328527504678572],[88.354881628523017,23.360238671131757],[88.378334255088902,23.410745391893315]]]}},
{"type":"Feature","properties":{"objectid":27073,"rivname":"Kameng","rilcode":"1","origin":null,"major_trib":null,"bacode":"2B","ba_name":"Brahamaputra","sub_basin":"Brahmaputra Lower","shape_Leng":220435.34695199999},"geometry":{"type":"MultiLineString","coordinates":[[[92.852856436748212,26.891231495597015],[92.86582092517142,26.824840011837111],[92.890873575097245,26.79288121319744],[92.852933862448367,26.72640877686985],[92.878744062639754,26.674732212186367],[92.868741222784237,26.612829446353128]],[[92.852856436748212,26.891231495597015],[92.847626796488981,26.925526896123781]],[[92.847626796488981,26.925526896123781],[92.837767294873387,26.913013307319932],[92.852856436748212,26.891231495597015]],[[92.829349550445784,26.941046402234086],[92.847626796488981,26.925526896123781]],[[92.772930303559079,26.993820852894018],[92.829349550445784,26.941046402234086]],[[92.772930303559079,26.993820852894018],[92.782147207884478,26.997049163152646],[92.801805734922866,26.993581060316266],[92.816682640909633,26.985621280048857],[92.829349550445784,26.941046402234086]],[[93.142312389603617,27.728913865439473],[93.115805629108209,27.683840224523994],[93.103916871343543,27.686518224029559],[93.080072031672913,27.648358951713782],[93.04305514985812,27.642397196008822],[93.031982864595889,27.602825709860493],[92.973256374686159,27.555824662177688],[92.978887534896643,27.523835095818164],[93.030351870272156,27.483014765969017],[93.008417050506296,27.422669367638637],[93.039512847161589,27.368186645253267],[93.023172666357667,27.318810469719274],[92.935159095506521,27.303028839677808],[92.890263808357702,27.257633697236717],[92.900265344509677,27.211326358606069],[92.887827270707263,27.199889820884412],[92.812980517183007,27.174504336715291],[92.74987374835483,27.193668779078596],[92.605899958791198,27.137111511170964],[92.588989508495246,27.084019099579127],[92.606160672926094,27.037644637311274],[92.68507659880062,27.002572734949272],[92.772930303559079,26.993820852894018]]]}},
{"type":"Feature","properties":{"objectid":27080,"rivname":"Dindi","rilcode":"1","origin":null,"major_trib":null,"bacode":"04","ba_name":"Krishna","sub_basin":"Krishna Middle","shape_Leng":185887.84297600001},"geometry":{"type":"LineString","coordinates":[[77.974012447417493,16.969524460789323],[77.999509502530714,16.975307616947752],[78.023215501409453,16.960601913476967],[78.102270352837223,16.872593566478034],[78.226091701219957,16.834736267320061],[78.233000054693804,16.801774526381351],[78.214090223044877,16.751996998670514],[78.376779409234544,16.625916474617785],[78.406507994261958,16.573007329728149],[78.439820393992463,16.564874104345819],[78.476849492278347,16.506908961796448],[78.565696201492969,16.500395497915129],[78.58060076262673,16.519452505432646],[78.646773583779662,16.540777890786043],[78.777158526539893,16.532796474887981],[78.797753087819245,16.513962300156518],[78.84988072943338,16.550534726520972],[78.908615518221765,16.55145928576248],[78.937565587130294,16.511136487451243],[79.210390977245964,16.355660540139866]]}},
{"type":"Feature","properties":{"objectid":27084,"rivname":"Imphal/Manipur","rilcode":"1","origin":null,"major_trib":null,"bacode":"20","ba_name":"Minor rivers draining into Myanmar and Bangladesh","sub_basin":"Imphal and others","shape_Leng":202719.14935},"geometry":{"type":"LineString","coordinates":[[93.950556206314033,25.215606327242028],[93.972047831741875,25.192634173675398],[93.971268144243595,25.139591262611084],[93.885994872243046,24.93773928235489],[93.905464831267324,24.881537220741841],[93.940160910402,24.891790497993178],[93.936201196920237,24.866172498339264],[93.967546966710088,24.837532273745435],[93.941202824094162,24.795774779271898],[93.947981401076419,24.722724231362641],[93.904285571227476,24.699799604036183],[93.904605876718634,24.675473640827956],[93.933251278477712,24.664657799039585],[93.93526619016518,24.649120172174499],[93.888622098547572,24.615828720911143],[93.911529602451381,24.611867736566882],[93.91126546651509,24.572894432746523],[93.872178200528509,24.550323275863672],[93.882654028253612,24.490198630670431],[93.838068000624403,24.4258433630364],[93.849691640088864,24.3527913215623],[93.863718614954308,24.353451049153065],[93.853939826404115,24.312884506143547],[93.879160044199494,24.281634825400545],[93.85943983744815,24.233471057983881],[93.880864958677179,24.22586457281362],[93.850659409794659,24.213507662189095],[93.777169563744906,24.134822074533009],[93.743811835383255,24.001562550941944]]}},
{"type":"Feature","properties":{"objectid":27243,"rivname":"Torsa","rilcode":"1","origin":null,"major_trib":null,"bacode":"2B","ba_name":"Brahamaputra","sub_basin":"Brahmaputra Lower","shape_Leng":130319.42935799999},"geometry":{"type":"MultiLineString","coordinates":[[[89.348718304195486,26.58253444299066],[89.354126615443363,26.561005537081499],[89.309587930962536,26.45777427186173],[89.349502857722698,26.38192725083395],[89.371647735203553,26.382063412541843],[89.373670665839541,26.354505615041134],[89.394584508956086,26.35452922422698],[89.452705351720837,26.287181286892238],[89.493768096304919,26.309811222174957],[89.556285566453312,26.271238039231356],[89.586432948025575,26.273250289562696],[89.641991697559419,26.221253203858453]],[[89.346089314848555,26.602693016603251],[89.348718304195486,26.58253444299066]],[[89.346089314848555,26.602693016603251],[89.352671864449761,26.589925572740523],[89.348718304195486,26.58253444299066]],[[89.326099213879161,26.721486339424182],[89.346089314848555,26.602693016603251]],[[89.322792021988377,26.732429313971906],[89.326099213879161,26.721486339424182]],[[89.32537859798073,26.734613703772041],[89.322792021988377,26.732429313971906]],[[89.32537859798073,26.734613703772041],[89.326099213879161,26.721486339424182]],[[89.327125314323951,26.748051798738018],[89.32537859798073,26.734613703772041]],[[89.329635681514816,26.766555773762487],[89.327125314323951,26.748051798738018]],[[89.329635681514816,26.766555773762487],[89.332717877151737,26.757494165215341],[89.327125314323951,26.748051798738018]],[[89.366386701788628,26.856137085026724],[89.35580902681707,26.851316192591781],[89.34815497822251,26.841503309424059],[89.312632341334094,26.771733709234933],[89.322792021988377,26.732429313971906]],[[89.366386701788628,26.856137085026724],[89.329635681514816,26.766555773762487]],[[89.373609531604956,26.865660527403016],[89.366386701788628,26.856137085026724]]]}},
{"type":"Feature","properties":{"objectid":27262,"rivname":"Salpe","rilcode":"1","origin":null,"major_trib":null,"bacode":"14","ba_name":"West flowing rivers from Tapi to Tadri","sub_basin":"Bhatsol and others","shape_Leng":9737.8737068200007},"geometry":{"type":"LineString","coordinates":[[73.430170609448183,18.872164821909031],[73.397371137648776,18.861336905092681],[73.362627991655657,18.872764830433692]]}},
{"type":"Feature","properties":{"objectid":27263,"rivname":"Ulhas","rilcode":"1","origin":null,"major_trib":null,"bacode":"14","ba_name":"West flowing rivers from Tapi to Tadri","sub_basin":"Bhatsol and others","shape_Leng":146000.37555200001},"geometry":{"type":"LineString","coordinates":[[73.411470939066291,18.776155911880053],[73.372694932541677,18.766787535114826],[73.372503310151885,18.861867452151944],[73.322206400005072,18.890090965966717],[73.350102561905658,18.957125251115233],[73.337652914198159,19.042151274275643],[73.32073910740236,19.038891325629944],[73.332135758139444,19.058363770326881],[73.305259640336558,19.11140070157504],[73.263575286826793,19.127005999982842],[73.228573764346976,19.249781223925975],[73.200673979834434,19.261507337938784],[73.168676217335701,19.250957305021345],[73.121980231676318,19.281792244416],[73.103469586699546,19.270922511207559],[73.111736678991477,19.234822557620202],[73.078049272958708,19.241013880003379],[73.061870464382949,19.203962467729035],[73.032317807445708,19.198326005592108],[72.969802946111784,19.295982497554174],[72.90575552700038,19.289107420751112],[72.852958948128332,19.322559536656993],[72.797204306760364,19.316256082191799]]}},
{"type":"Feature","properties":{"objectid":27663,"rivname":"Palar","rilcode":"1","origin":null,"major_trib":null,"bacode":"17","ba_name":"East flowing rivers between Pennar and Kanyakumari","sub_basin":"Palar and other","shape_Leng":436991.54387300002},"geometry":{"type":"MultiLineString","coordinates":[[[78.260381218662189,13.159484493472647],[78.299739422891506,13.052062094176788],[78.339364783215061,13.022320485894301],[78.337456512617948,12.999304625276014],[78.390529852213447,12.966342711004803],[78.404399693081231,12.985584243921526],[78.430731108883919,12.983646758443493],[78.435068711210604,12.935644816302794],[78.396447687003956,12.90725685732234],[78.425907026439276,12.838586999486347],[78.400617594749733,12.807751922297481],[78.418521740203275,12.732655489492677],[78.441687859071649,12.740605236227429],[78.481914696218027,12.672051765752203],[78.536693876636051,12.686128179230701],[78.550896357180406,12.667049458162492],[78.601284630031856,12.678307820685813],[78.676113212158285,12.739176569901902],[78.725395433765769,12.812019182500405],[78.903770002385897,12.911077986200075],[78.987494966245805,12.929883369886729],[79.04405880381961,12.920232635546558],[79.173298422055154,12.957160621844388],[79.233229735333751,12.958190779622807],[79.394788283086257,12.871181207743104],[79.490677138886952,12.874075135799851],[79.667619065552771,12.799792118541614],[79.761163806498161,12.775673457762322],[79.811414854991767,12.790198942866452],[79.919352647501938,12.752565779824483],[79.954330237754078,12.707150068507714],[79.940369277850621,12.627380853633534],[79.969789015009354,12.557730132852665],[80.050977773931876,12.500436025526525],[80.149495226411062,12.468188978345417]],[[77.892138509206021,13.288199402536454],[77.900882542361828,13.278309092598224],[77.927358230333041,13.307707706742478],[77.947646261511196,13.299856302382461],[77.95592154403279,13.265599520015375],[78.027877139606503,13.21941732280208],[78.165008275473099,13.227195611673418],[78.250738930879535,13.158622221609798],[78.260381218662189,13.159484493472647]],[[77.997843583300451,13.434405259165516],[78.013706036470566,13.416194517757356],[78.108996332454524,13.39772786357066],[78.135377736249353,13.323989350176005],[78.179610067869064,13.311852234274529],[78.212182423774721,13.25806889918721],[78.260963064866885,13.249451795952078],[78.281954727694767,13.22087020683761],[78.260381218662189,13.159484493472647]]]}},
{"type":"Feature","properties":{"objectid":27745,"rivname":"Ponnaiyar","rilcode":"1","origin":null,"major_trib":null,"bacode":"17","ba_name":"East flowing rivers between Pennar and Kanyakumari","sub_basin":"Ponnaiyar and other","shape_Leng":494688.70374899998},"geometry":{"type":"MultiLineString","coordinates":[[[79.794076919192193,11.772168708188115],[79.69174495892166,11.792270545803925],[79.668357335534679,11.810274079331402],[79.641243421378874,11.798209647522665],[79.589089397730163,11.841439023170222],[79.458952248214899,11.871829865568452]],[[79.458952248214899,11.871829865568452],[79.532163688203497,11.877349971296422],[79.60047000455063,11.844743703501873],[79.688784490059305,11.865097691765092],[79.807065711200565,11.833261564948822]],[[79.346264464404541,11.900250409816445],[79.38853861283863,11.914139173946666]],[[79.346264464404541,11.900250409816445],[79.307399067170962,11.919244004611656]],[[79.346264464404541,11.900250409816445],[79.323349423812999,11.90297462248193],[79.307399067170962,11.919244004611656]],[[79.38853861283863,11.914139173946666],[79.458952248214899,11.871829865568452]],[[79.38853861283863,11.914139173946666],[79.310731145656021,11.922906102239322],[79.282366262788301,11.948008751858822],[79.252237435817122,11.947694195394673]],[[79.307399067170962,11.919244004611656],[79.252237435817122,11.947694195394673]],[[79.252237435817122,11.947694195394673],[79.212424983770461,11.97362262098232],[79.137706056938043,11.964738660273095],[79.095933838540063,12.000291177058466],[79.037593969086686,12.016527709969139],[78.984023378716699,12.063696042685935],[78.962025120704567,12.064917894968147],[78.958210336989467,12.086778344097294],[78.920038675934606,12.10100762687707],[78.902764811606374,12.132376723271333],[78.84817418631998,12.159586761380194],[78.840538494389421,12.194951492755777],[78.756370456339283,12.162002362240926],[78.728000941366332,12.126551573640423],[78.652589751968463,12.100410093233688],[78.626843738910608,12.110014689875305],[78.646627212101336,12.162378820753617],[78.623249722562974,12.180675911424748],[78.582306562282611,12.162755986512067],[78.57308966655539,12.194282172564643],[78.484890260651966,12.166879154935977],[78.418805537341171,12.189775128882912],[78.403835318630342,12.213178497240351],[78.367456764032354,12.20823200754257],[78.353366082621662,12.247096250135924],[78.30533307305295,12.264728390574181],[78.261250160673939,12.387970808853712],[78.21602110632638,12.425430570597602],[78.217212111500587,12.451231421256161],[78.192191659786303,12.461099285062408],[78.141364308058897,12.531433133999867],[78.139054138882571,12.572733185994808],[78.026804033767093,12.58180700997163],[78.009619101899403,12.571321363347858],[77.971500674605423,12.605085769682058],[77.929089298741445,12.67889334667611],[77.876824085785458,12.691896772320101],[77.900898661718117,12.742273642106927],[77.885499413439405,12.744115277501027],[77.871994183779165,12.774171365446495],[77.890993032193691,12.809574744752087],[77.832824443742126,12.861672046332941],[77.815904253946059,12.927509942928161],[77.77606834133077,12.974620035706595],[77.781381172569382,13.040658690503358],[77.758599648748032,13.120690192220547],[77.787595586736771,13.211196492938699],[77.830394839460112,13.271171285466899],[77.829146781003928,13.335540116061823],[77.735423648931572,13.402827339244537]]]}},
{"type":"Feature","properties":{"objectid":28304,"rivname":"Banas","rilcode":"1","origin":null,"major_trib":"Morel, Mashi, Dai, Khari, Kothari, Berach,","bacode":"18","ba_name":"West flowing rivers of Kutch and Saurashtra including Luni","sub_basin":"Saraswati","shape_Leng":286609.49479000003},"geometry":{"type":"MultiLineString","coordinates":[[[71.344321810730364,23.598858131407372],[71.416732355375956,23.623732932049329],[71.452627425083108,23.654338730481889],[71.46483686489762,23.687886039700988]],[[71.46483686489762,23.687886039700988],[71.392273816649052,23.725267872277371],[71.303849634127175,23.716450231541497],[71.257324896745018,23.69826559709627],[71.234227849520067,23.668919817812249],[71.15559080209762,23.673207206793542],[71.140584505003346,23.661641688767073],[71.144328751625039,23.625235848017525],[71.11616154025991,23.627212847536946],[71.092864153886026,23.602514433360238]],[[72.983343394408763,24.720568453120254],[72.930414091244913,24.69217952602121],[72.823100526168204,24.522993913326289],[72.724041201601523,24.444207476934835],[72.692102646245104,24.445749449706287],[72.659820902973308,24.420183550202228],[72.579570513838789,24.4008880079341],[72.54859343838416,24.369240713025889],[72.497168617359208,24.362238286237467],[72.455857693510367,24.326104088748945],[72.263681697023813,24.334532993668883],[72.182162039367853,24.287950084740199],[72.146565514022129,24.221027668821655],[72.054236577120022,24.163515113659859],[72.010920687424857,24.048059088465113],[71.874004467178793,23.9503604900973],[71.86943345407775,23.893734404889734],[71.8388470383928,23.86485798430536],[71.813272239607926,23.863853001202394],[71.797555700603382,23.823169109077213],[71.767369647217365,23.823235791274378],[71.679131218968564,23.77144884830728],[71.589752753976114,23.760907017252446],[71.573441171360372,23.740133793502604],[71.528956344851551,23.732366066539207],[71.49178272434385,23.694394171614857],[71.482824399101034,23.689596086506551],[71.469275115003967,23.688026950411579],[71.467406320634339,23.687884606829524],[71.46483686489762,23.687886039700988]]]}},
{"type":"Feature","properties":{"objectid":30465,"rivname":"Ambika","rilcode":"1","origin":null,"major_trib":null,"bacode":"14","ba_name":"West flowing rivers from Tapi to Tadri","sub_basin":"Bhatsol and others","shape_Leng":164884.88148000001},"geometry":{"type":"LineString","coordinates":[[73.745569915737263,20.556958374301271],[73.715230166581648,20.555482836956266],[73.664135589373956,20.582443076708017],[73.61409919240522,20.687483595279321],[73.593509282773141,20.681646816907605],[73.576695768131628,20.698872627145743],[73.517065725446784,20.688047350243792],[73.509725647283943,20.72994018243201],[73.478964213157099,20.746040021200958],[73.491299973622787,20.762648592602346],[73.478959433253877,20.798914913830991],[73.379732842954866,20.824417178523746],[73.347947609276886,20.861155159387348],[73.245546619230538,20.90813215764361],[73.191336050898457,20.887476227744525],[73.140512310795103,20.905897384858459],[73.111252868443358,20.899203695176443],[73.110961657688009,20.882390283119811],[73.07276621628958,20.88662536424005],[72.970928732876516,20.857785915707225],[72.969765851226782,20.84488650947587],[72.991725100290125,20.837573183702396],[72.950158511907603,20.759318771478512],[72.863841420167816,20.736883602493187],[72.835748164604709,20.752488927707205]]}},
{"type":"Feature","properties":{"objectid":30526,"rivname":"Ghaghara","rilcode":"1","origin":"Combined Water Of Sarda And Kauriala","major_trib":"Rapti, Kuwana,","bacode":"2A","ba_name":"Ganga","sub_basin":null,"shape_Leng":1083718.5984700001},"geometry":{"type":"MultiLineString","coordinates":[[[84.678862464569193,25.755964641056661],[84.689444690604418,25.738265360086075]],[[84.678862464569193,25.755964641056661],[84.719962573373195,25.754045731289921],[84.739665367510796,25.773938621412086],[84.791789973034653,25.74154279540388]],[[84.582388945021378,25.82095668823515],[84.60470223296501,25.783993524104694],[84.678862464569193,25.755964641056661]],[[84.437745394243777,25.877931062337101],[84.4661595937458,25.85359845702607],[84.465556352926868,25.818914185099754],[84.522599417915956,25.822641736622892],[84.553120749007292,25.805184834162258],[84.582388945021378,25.82095668823515]],[[84.437745394243777,25.877931062337101],[84.477911130996077,25.905554062713225],[84.512722758365328,25.83244280137934],[84.561115635468397,25.84104102736088],[84.582388945021378,25.82095668823515]],[[84.399120345658019,25.884552398806843],[84.437745394243777,25.877931062337101]],[[84.27213323402222,25.946762660177747],[84.31084350878011,25.932011934750452],[84.374528288387168,25.930299385947229],[84.399120345658019,25.884552398806843]],[[84.27213323402222,25.946762660177747],[84.391944000004628,25.94027800036471],[84.399120345658019,25.884552398806843]],[[84.205438034142645,25.988736126500623],[84.27213323402222,25.946762660177747]],[[84.183736323362751,26.007662741398018],[84.184232108080366,25.995954700760095],[84.205438034142645,25.988736126500623]],[[84.183736323362751,26.007662741398018],[84.165859192764984,26.003209923642807],[84.130126327756514,26.053285342479011],[84.079478684022007,26.083826788610565]],[[84.179222100927589,26.021203393769163],[84.183736323362751,26.007662741398018]],[[84.179222100927589,26.021203393769163],[84.205438034142645,25.988736126500623]],[[84.165737318225695,26.033458003350717],[84.179222100927589,26.021203393769163]],[[84.079478684022007,26.083826788610565],[84.091452061619179,26.088697396456784]],[[84.091452061619179,26.088697396456784],[84.165737318225695,26.033458003350717]],[[84.039166138180065,26.099189775360031],[84.079478684022007,26.083826788610565]],[[84.039166138180065,26.099189775360031],[84.058729158964397,26.108757496972451]],[[84.080325215883335,26.100273972903295],[84.091452061619179,26.088697396456784]],[[84.080325215883335,26.100273972903295],[84.165737318225695,26.033458003350717]],[[84.058729158964397,26.108757496972451],[84.080325215883335,26.100273972903295]],[[84.05569170035163,26.113340460736445],[84.058729158964397,26.108757496972451]],[[83.996353371655033,26.115364504967069],[84.039166138180065,26.099189775360031]],[[83.940581513037969,26.123251174395488],[83.996353371655033,26.115364504967069]],[[83.940581513037969,26.123251174395488],[83.95612798549476,26.138660950473849]],[[83.95612798549476,26.138660950473849],[83.996353371655033,26.115364504967069]],[[83.95612798549476,26.138660950473849],[83.975019815347125,26.157174743889719],[84.011076212162592,26.144647476824563]],[[84.011076212162592,26.144647476824563],[84.05569170035163,26.113340460736445]],[[84.011076212162592,26.144647476824563],[84.037839479276002,26.137138551908631],[84.05569170035163,26.113340460736445]],[[83.861600216046128,26.185901378726051],[83.888078867813789,26.132005604364416],[83.922087743352606,26.115476119853515],[83.940581513037969,26.123251174395488]],[[83.784626778361016,26.221284026271967],[83.820930140841725,26.189421585094443],[83.861600216046128,26.185901378726051]],[[83.775125533318459,26.222664178594748],[83.784626778361016,26.221284026271967]],[[83.607631700939592,26.230636312236413],[83.610765561543303,26.231352245593438]],[[83.610765561543303,26.231352245593438],[83.640022028225559,26.223753469096025],[83.663893007896775,26.264183991349398],[83.709788382368785,26.271856484324395]],[[83.610765561543303,26.231352245593438],[83.65436825724403,26.290059483557734],[83.691112025522216,26.289709763122339],[83.709788382368785,26.271856484324395]],[[83.770159180017018,26.253088258808397],[83.784626778361016,26.221284026271967]],[[83.770159180017018,26.253088258808397],[83.793751805057582,26.222824989940449],[83.829237366518711,26.219385028347737],[83.861600216046128,26.185901378726051]],[[83.722635726805123,26.266342968637204],[83.730175829283041,26.237271349465004],[83.775125533318459,26.222664178594748]],[[83.722635726805123,26.266342968637204],[83.727144001611279,26.26625074925111],[83.728885827949526,26.266932747946612]],[[83.728885827949526,26.266932747946612],[83.775125533318459,26.222664178594748]],[[83.728885827949526,26.266932747946612],[83.743472772522352,26.270276276391169],[83.770159180017018,26.253088258808397]],[[83.412766451630432,26.278340472788656],[83.467293157514803,26.254577590166846],[83.523142180821452,26.277496402536205]],[[83.709788382368785,26.271856484324395],[83.722635726805123,26.266342968637204]],[[83.523142180821452,26.277496402536205],[83.594365895158305,26.230477325071032],[83.607631700939592,26.230636312236413]],[[83.523142180821452,26.277496402536205],[83.559236437362273,26.292328205552874],[83.593463276854322,26.285399890653419],[83.587298877103478,26.258240906918779],[83.607631700939592,26.230636312236413]],[[83.364717575633421,26.311499855932475],[83.368242376668562,26.280986214125562],[83.412766451630432,26.278340472788656]],[[83.364760322580025,26.327446646247836],[83.364717575633421,26.311499855932475]],[[83.364760322580025,26.327446646247836],[83.412766451630432,26.278340472788656]],[[83.30731380040055,26.331419992836246],[83.35828618107945,26.327937857924443],[83.364717575633421,26.311499855932475]],[[83.30731380040055,26.331419992836246],[83.324691254804335,26.340875414492928]],[[83.324691254804335,26.340875414492928],[83.349889676740545,26.340818602609843]],[[83.349889676740545,26.340818602609843],[83.364760322580025,26.327446646247836]],[[83.285612887839264,26.360023105797534],[83.324691254804335,26.340875414492928]],[[83.285612887839264,26.360023105797534],[83.349889676740545,26.340818602609843]],[[83.135667573763513,26.364645017319635],[83.2252920230125,26.361235193488866],[83.237181730452718,26.330415999152326],[83.255397345368152,26.328010439004025],[83.278680695090287,26.353788386827318],[83.294665930191044,26.327930633480438],[83.30731380040055,26.331419992836246]],[[83.110489069549445,26.37329797827698],[83.135667573763513,26.364645017319635]],[[83.110489069549445,26.37329797827698],[83.112977845833441,26.37325806194174],[83.116343577359146,26.375596027750134],[83.128914907923004,26.373449904914928]],[[83.128914907923004,26.373449904914928],[83.135667573763513,26.364645017319635]],[[83.128914907923004,26.373449904914928],[83.222586099688385,26.384462833419811],[83.285612887839264,26.360023105797534]],[[83.027312724335388,26.459223327811799],[83.110489069549445,26.37329797827698]],[[82.979065233904763,26.485284294176086],[83.027312724335388,26.459223327811799]],[[82.979065233904763,26.485284294176086],[82.992140274020528,26.486268375133072],[83.026097758518034,26.472968702670116],[83.027312724335388,26.459223327811799]],[[82.820757752906815,26.564324603325737],[82.979065233904763,26.485284294176086]],[[82.820757752906815,26.564324603325737],[82.796675420336825,26.581039558405575],[82.747295644995333,26.572740250035643],[82.724579475169293,26.593924339763046],[82.680273004798593,26.583453127332568],[82.619744799914528,26.627850277871715],[82.57111134686825,26.637777225046801],[82.549043939211472,26.678044007738485],[82.496473632212471,26.679887039815561],[82.473126941880963,26.665634959027333]],[[82.550783525353253,26.624297439630723],[82.567611352842277,26.605928610965552],[82.637878543388965,26.603403184952302],[82.656073765981205,26.561931082433407],[82.680999405479696,26.545255643196633],[82.820757752906815,26.564324603325737]],[[82.550783525353253,26.624297439630723],[82.538455137767173,26.659450909322949]],[[82.390181891305218,26.653714687211099],[82.437813851586043,26.640055230887636],[82.465750007483024,26.65817107652396]],[[82.511764380325616,26.656042568456616],[82.512091316569496,26.638030569280133],[82.550783525353253,26.624297439630723]],[[82.465750007483024,26.65817107652396],[82.511764380325616,26.656042568456616]],[[82.465750007483024,26.65817107652396],[82.473126941880963,26.665634959027333]],[[82.538455137767173,26.659450909322949],[82.511764380325616,26.656042568456616]],[[82.473126941880963,26.665634959027333],[82.502105750779464,26.673345128508803],[82.538455137767173,26.659450909322949]],[[82.323334290759533,26.719580638191921],[82.390181891305218,26.653714687211099]],[[82.323334290759533,26.719580638191921],[82.301800822890087,26.724774022835604]],[[82.323334290759533,26.719580638191921],[82.323233227190073,26.733339018217823],[82.359921287611328,26.73719944658701]],[[82.301800822890087,26.724774022835604],[82.333367555301407,26.748240462549397],[82.359921287611328,26.73719944658701]],[[82.359921287611328,26.73719944658701],[82.390181891305218,26.653714687211099]],[[81.946106164723417,26.782426517061875],[81.994253007422571,26.784711050337116],[82.067251073648464,26.825122024941798],[82.093639186588874,26.796503391139616],[82.147052949616921,26.824203218927138],[82.190196145034307,26.810379758308382],[82.23440680338453,26.818958902105596],[82.271338777214297,26.793093039782377],[82.274885670198046,26.736105678166094],[82.301800822890087,26.724774022835604]],[[81.909744902231026,26.799778826764925],[81.946106164723417,26.782426517061875]],[[81.909744902231026,26.799778826764925],[81.911127195061766,26.799428785767255],[81.91503248641844,26.799989358602403],[81.920995974381214,26.802197102530769],[81.926739301559849,26.801062444802056],[81.946106164723417,26.782426517061875]],[[81.908521088195585,26.800088723318275],[81.909744902231026,26.799778826764925]],[[81.873500220918913,26.817242857818226],[81.908521088195585,26.800088723318275]],[[81.873500220918913,26.817242857818226],[81.879651263886373,26.817594101076054],[81.891974255622799,26.814916203240116],[81.908521088195585,26.800088723318275]],[[81.60863116345179,26.974766725330451],[81.652961159263498,26.964428402301607],[81.707357991804869,26.901161070355258],[81.775620730642856,26.898319299359642],[81.805787286793574,26.875213649170604],[81.825017725773904,26.831772856445323],[81.873500220918913,26.817242857818226]],[[81.60863116345179,26.974766725330451],[81.621361195867948,26.995694076126963],[81.60849201342522,27.016086115435929],[81.599556655433432,27.016288309273211]],[[81.602616842848619,26.979100427514254],[81.60863116345179,26.974766725330451]],[[81.599556655433432,27.016288309273211],[81.602895846975713,26.978958047064502]],[[81.480429854676117,27.163280525301577],[81.48980575653944,27.138766581441875],[81.476032017577907,27.106107922167229],[81.509083541124483,27.036764149650885],[81.599556655433432,27.016288309273211]],[[81.480429854676117,27.163280525301577],[81.485604203601653,27.175136851777026]],[[81.473578839328667,27.174835821574881],[81.480429854676117,27.163280525301577]],[[81.485604203601653,27.175136851777026],[81.477093917053537,27.182462356450486]],[[81.477093917053537,27.182462356450486],[81.473578839328667,27.174835821574881]],[[81.456641266775478,27.204930023255116],[81.473578839328667,27.174835821574881]],[[81.469989522851449,27.216740210455249],[81.456641266775478,27.204930023255116]],[[81.469989522851449,27.216740210455249],[81.477093917053537,27.182462356450486]],[[81.447826696358092,27.233528509288885],[81.456641266775478,27.204930023255116]],[[81.449627386754472,27.237006181697865],[81.469989522851449,27.216740210455249]],[[81.444393607639014,27.238567145398299],[81.447826696358092,27.233528509288885]],[[81.444393607639014,27.238567145398299],[81.449627386754472,27.237006181697865]],[[81.447374532519916,27.255341595867105],[81.449627386754472,27.237006181697865]],[[81.447374532519916,27.255341595867105],[81.475645074367947,27.243137031624336],[81.494202741075483,27.211499342384112],[81.485604203601653,27.175136851777026]],[[81.420264913352611,27.262584281469572],[81.424017241703623,27.238334029755002],[81.447826696358092,27.233528509288885]],[[81.436245407472299,27.264966504969586],[81.444393607639014,27.238567145398299]],[[81.436245407472299,27.264966504969586],[81.447374532519916,27.255341595867105]],[[81.442763923692709,27.282567756569112],[81.420264913352611,27.262584281469572]],[[81.442763923692709,27.282567756569112],[81.436245407472299,27.264966504969586]],[[81.419059494170881,27.301980219054677],[81.426415817255815,27.302704004576309]],[[81.426415817255815,27.302704004576309],[81.420264913352611,27.262584281469572]],[[81.426415817255815,27.302704004576309],[81.431327520470234,27.297857829751056],[81.439549376696419,27.302888575682193]],[[81.439549376696419,27.302888575682193],[81.442763923692709,27.282567756569112]],[[81.406529984641708,27.305671242264637],[81.419059494170881,27.301980219054677]],[[81.406529984641708,27.305671242264637],[81.413948109975763,27.308004475351964],[81.419059494170881,27.301980219054677]],[[81.388715280497408,27.314382004486362],[81.406529984641708,27.305671242264637]],[[81.388715280497408,27.314382004486362],[81.409696311774809,27.322046144522766],[81.439549376696419,27.302888575682193]],[[81.358175398495462,27.442858403661905],[81.356387178541553,27.413484818544969],[81.398921845840476,27.392430482050155],[81.36934662058168,27.350361827608598],[81.388715280497408,27.314382004486362]],[[81.384047907410292,27.461666793762348],[81.358175398495462,27.442858403661905]],[[81.383982705204517,27.48543980461686],[81.384047907410292,27.461666793762348]],[[81.383982705204517,27.48543980461686],[81.392015411865017,27.4724621839622],[81.384047907410292,27.461666793762348]],[[81.368403309454948,27.499203093124809],[81.358175398495462,27.442858403661905]],[[81.368403309454948,27.499203093124809],[81.383982705204517,27.48543980461686]],[[81.342197786518042,27.544082590717419],[81.33026325472882,27.514238814102004],[81.368403309454948,27.499203093124809]],[[81.342197786518042,27.544082590717419],[81.35708409758783,27.56080251537103],[81.344797549625028,27.577786878476768]],[[81.344797549625028,27.577786878476768],[81.301522452883319,27.652936668524578]],[[81.279375453698506,27.640869192959691],[81.342197786518042,27.544082590717419]],[[81.301522452883319,27.652936668524578],[81.279375453698506,27.640869192959691]],[[81.312863257990543,27.664799303483459],[81.301522452883319,27.652936668524578]],[[81.312863257990543,27.664799303483459],[81.291728923388888,27.703684185137277],[81.300466533967892,27.731939336109061]],[[81.321141939692851,27.679657110072913],[81.312863257990543,27.664799303483459]],[[81.321141939692851,27.679657110072913],[81.355204950805032,27.642358780927029],[81.344797549625028,27.577786878476768]],[[81.300466533967892,27.731939336109061],[81.321141939692851,27.679657110072913]],[[81.307434785526226,27.74102506608957],[81.300466533967892,27.731939336109061]],[[81.273584565587186,27.769287771586804],[81.307434785526226,27.74102506608957]],[[81.273584565587186,27.769287771586804],[81.287344941680004,27.768152714289279],[81.307434785526226,27.74102506608957]],[[81.26393681186758,27.785370909632157],[81.249576661580406,27.771346626791029],[81.256350396969367,27.734203881237171],[81.277429515472363,27.728524176596203],[81.280185089011724,27.685491040189042],[81.264081869605931,27.661038627048757],[81.279375453698506,27.640869192959691]],[[81.26393681186758,27.785370909632157],[81.273584565587186,27.769287771586804]],[[81.207475633462636,28.01926302718665],[81.217928537652554,27.96215185093255],[81.241515232946369,27.940470637070892],[81.26393681186758,27.785370909632157]],[[81.18062143355219,28.044494182118616],[81.207475633462636,28.01926302718665]],[[81.18062143355219,28.044494182118616],[81.19189393224022,28.046498702476772],[81.202146784542975,28.037981027849916],[81.207475633462636,28.01926302718665]],[[81.034386435467013,28.420120023402948],[81.015953222488619,28.408190772391411],[81.036107499863192,28.385265667826207],[81.037824854584017,28.354155437719932],[81.082567766320309,28.329894980182537],[81.096373137649636,28.233577243517463],[81.081086085288248,28.215979982994629],[81.087392462927411,28.175213650135998],[81.148271902942085,28.125972567668462],[81.156224093707905,28.052834663385774],[81.18062143355219,28.044494182118616]]]}},
{"type":"Feature","properties":{"objectid":30540,"rivname":"Karnaphuli","rilcode":"1","origin":null,"major_trib":null,"bacode":"20","ba_name":"Minor rivers draining into Myanmar and Bangladesh","sub_basin":"Khawthlangtuipui & Others","shape_Leng":18128.382585799998},"geometry":{"type":"LineString","coordinates":[[92.523123809807998,22.937036750048303],[92.489564733476996,22.954319058443271],[92.495683480611731,22.930222071332018],[92.468242220934826,22.927463352121134],[92.473226754963761,22.89543456171123],[92.454657377678359,22.878034128446554]]}},
{"type":"Feature","properties":{"objectid":30541,"rivname":"Satluj","rilcode":"1","origin":null,"major_trib":null,"bacode":"01","ba_name":"Indus (Up to border)","sub_basin":null,"shape_Leng":657040.13801300002},"geometry":{"type":"MultiLineString","coordinates":[[[78.431923187281129,31.633227551149609],[78.44348527292918,31.580845359378031],[78.302380923416194,31.597023519378496],[78.277222023625953,31.568291030153489],[78.2776073046346,31.521587127164462],[78.219036860069153,31.497239919583794],[78.053026867404157,31.524917377250649],[77.987653177963978,31.563643488296819],[77.930594876883376,31.568974949248553],[77.917295794553311,31.556133081800002],[77.854136955853349,31.57720771846957],[77.829217697934794,31.570801211238258],[77.709983055218359,31.503837440994719],[77.669266024075526,31.46257078034958],[77.628041901235235,31.450923949648111],[77.628291005202612,31.389521205248492],[77.554369954526962,31.390181797185633],[77.517181633365524,31.348326681502559],[77.428752682956556,31.340248725108179],[77.398712391561176,31.36131083541861],[77.372012377313794,31.359658311067228],[77.306369188370127,31.267790830072329],[77.268813772685888,31.272398116562144],[77.247028496211925,31.251426832917602],[77.221529600571898,31.260843092891403],[77.199072148576136,31.242001128582807],[77.189330942999575,31.253544746173969],[77.153918363879214,31.229150931231928],[77.032361142670453,31.271266709792137],[76.941110793146692,31.333815657254348],[76.920550282015768,31.365819757866841],[76.874822019775323,31.350907987697283],[76.863639178941241,31.37914213729406],[76.88196416426986,31.385882720395841],[76.874105612170368,31.413552987209769],[76.807960699565299,31.423705089678009],[76.799719857351818,31.402326853726159],[76.762093154718471,31.406079796428244],[76.723831533650895,31.363376338398918],[76.753844032294424,31.341228812421676],[76.748479782783477,31.307471045340652],[76.728440043154535,31.286386772039055],[76.687641705989435,31.300352269817076],[76.692555308360696,31.26707699256789],[76.656985279516348,31.252127391555291],[76.615938211235786,31.266426471562998],[76.527530444096158,31.380096123242911],[76.461020385386092,31.433516041281916],[76.427094134431528,31.408067877938677],[76.395512995624401,31.426512697154291],[76.39602222669113,31.410894361811387],[76.366033960968167,31.389167349281742],[76.385732798626577,31.3054212487116],[76.450711997724923,31.222656305762261],[76.550490192283476,31.175328884786587],[76.561586258642947,31.114552648248978],[76.579792067532253,31.093800818097233],[76.524013176227413,31.042639121904667],[76.539470679830501,31.014484004633125],[76.526856223863632,30.994238574654808],[76.445790348040759,30.983567887294335],[76.393060853319781,30.957166991685305],[76.271146237437691,31.017147742667319],[76.103679569629861,30.986047044606178],[75.91724270222511,31.016264491339481],[75.846758560601387,30.990761164114314],[75.821693786483564,31.000784956891657],[75.767120270309931,30.989860960847349],[75.717332058489617,31.01578601148686],[75.684281492798675,30.974209993667809],[75.509391089578372,30.98113542346282],[75.46032654299546,30.958915058438723],[75.43845269641244,30.975698858918243],[75.393981499920528,30.97093834439503],[75.375280062549649,30.996842512581818],[75.351170680718724,30.991588147303421],[75.320323370084381,31.022793294252935],[75.270128427665611,31.041085094019682],[75.196937467585713,31.037662681647856],[75.190167346343642,31.061884577949584],[75.148454815662504,31.080797402332379],[75.115024900834243,31.134031159530988],[75.081778161982399,31.138018456382554],[75.0531105808261,31.120702018212061],[75.039212807757792,31.147046354707808],[75.019200467524954,31.135712861814174],[74.970075992292962,31.152160123417289],[74.911667819049384,31.13292530910627],[74.864222599190029,31.156560040247491],[74.810931817402732,31.125467394122563],[74.757892125271766,31.128332799798208],[74.721266460408458,31.082139214959732],[74.64255153302318,31.059135011679459],[74.631039948735193,31.031447134732808],[74.59403453808109,31.033376090865389],[74.592835034489013,30.9936422266051],[74.545353124960286,30.991556381717707]],[[78.73961608289386,31.841405404818602],[78.664363427829599,31.822144238517382],[78.63910995206021,31.799376675441465],[78.630982092912873,31.75410627492754],[78.560833666152433,31.745941732601285],[78.5313154521115,31.701352240032691],[78.448878079144748,31.665253233777388],[78.431924869044252,31.633229802273746]]]}},
{"type":"Feature","properties":{"objectid":30544,"rivname":"Krishna","rilcode":"1","origin":null,"major_trib":null,"bacode":"04","ba_name":"Krishna","sub_basin":null,"shape_Leng":1417121.47548},"geometry":{"type":"MultiLineString","coordinates":[[[80.829465777813496,15.711093967708521],[80.857701272356223,15.819500398247836],[80.89542213489328,15.874999176910991],[80.910067440220999,15.949643250895722],[80.880617925745113,16.024245607885636],[80.887002033028892,16.063348403966597]],[[80.887002033028892,16.063348403966597],[80.924059251708812,16.033304237858172],[80.9878419364602,16.043152683044188],[81.004817625354676,16.056247089543486],[81.000436671671565,16.086935902927866],[81.0167979411803,16.089730113669869],[81.042100670738861,16.07723597650466],[81.045621356366695,16.058251691455698],[81.071758211315426,16.055527232911487],[81.065179430072533,16.004185538944313],[81.098131553689967,16.007896287742078],[81.125408491933399,15.987686934504799]],[[80.27228085892915,16.598979491283856],[80.413739622148213,16.586582715584296],[80.477986023537042,16.563844570087831],[80.525491650655752,16.569063031452249],[80.67182999780556,16.463011793342073],[80.714454427911846,16.400003221556783],[80.730700093383433,16.342494632094368],[80.81966540597611,16.261189687590299],[80.843225088861644,16.142542152735945],[80.870022569934775,16.131442311920516],[80.887002033028892,16.063348403966597]],[[80.17052335790568,16.6387960518061],[80.21011940570574,16.6014697685704],[80.249784918246732,16.587542001512677],[80.27228085892915,16.598979491283856]],[[80.17052335790568,16.6387960518061],[80.174868698130496,16.639858159982168],[80.17704023656114,16.638747650770004],[80.184569118238826,16.628799500753523],[80.256662739637022,16.612075790716798],[80.27228085892915,16.598979491283856]],[[73.631564214746589,17.989177857574543],[73.737034322592493,17.947869046988249],[73.821280449218364,17.982026983532819],[73.892261143942918,17.950737377340062],[73.965422819698802,17.879801690430401],[73.963787832650155,17.829923997939389],[74.054009697678453,17.750988824606512],[74.062407824379861,17.70553937469527],[74.050393863666443,17.683106298536476],[74.07946580530816,17.660340319102232],[74.121018342877122,17.655765952861007],[74.128049135855903,17.634731344960251],[74.158156417811114,17.631595229165146],[74.149607990457497,17.525213162342983],[74.097822752626101,17.491913043144812],[74.094987942856989,17.473149206239302],[74.1182521141791,17.467639581870408],[74.12017391762339,17.408031920768167],[74.104852090833745,17.405362303388479],[74.118282245993399,17.375961540164251],[74.142081892758199,17.375850907347878],[74.142808376840733,17.340949320531696],[74.176812999735844,17.334964116974579],[74.181566651446914,17.314117238483572],[74.167341204027082,17.303507729190251],[74.232948983847336,17.279743788467165],[74.187112021670671,17.218636548645573],[74.221400936969232,17.206040076193915],[74.230818363735764,17.185541599975277],[74.19321520642994,17.157793340296461],[74.248754701323989,17.141084989774033],[74.277082735348614,17.113790637604474],[74.305254235812356,17.128497615545015],[74.319939832576765,17.092158863866263],[74.332978984713861,17.127011907557268],[74.352420314610924,17.123426869261788],[74.371601191751779,17.097311599028231],[74.364929706373943,17.062793261395498],[74.39186378053391,17.043308265990522],[74.383672443458622,17.023190633574693],[74.422856324043963,17.041112277838103],[74.469749404509315,17.016756708802088],[74.46994581318026,16.993525162008162],[74.451530856479437,16.997060949235514],[74.450267662620206,16.976994267899926],[74.511516698407931,16.930323212532119],[74.553404172896094,16.874583855641578],[74.555957080585316,16.85181338318478],[74.531916954499351,16.854867118797866],[74.559873503741372,16.806814630511649],[74.608679519636155,16.798012625161341],[74.645714196433104,16.752200654259372],[74.699057669020775,16.734351994110387],[74.687371749630159,16.711944928527579],[74.630618665690946,16.7170973823834],[74.601858693611689,16.691207279897824],[74.68888033087967,16.616027002152371],[74.636440537922141,16.608867764626289],[74.642920293014441,16.576015910698985],[74.689069611908849,16.55412822648282],[74.727300596057603,16.580940784783216],[74.750941663449879,16.567772968263693],[74.789995360219919,16.575541137469031],[74.80477964038937,16.590435183845681],[74.808971710034243,16.642689118910781],[74.843367563553571,16.634418535802595],[74.878887750144926,16.657562608708332],[74.934854508501942,16.6112671538223],[74.959075492784791,16.657584954036881],[74.982881892902171,16.662315169237313],[75.024889832484362,16.636350743503652],[75.046463661971998,16.5820702267002],[75.08565944343718,16.558591572794313],[75.116887272272265,16.505649232698513],[75.162263036540338,16.532717801472746],[75.157681795560151,16.585665620303899],[75.176918489378309,16.60351101171317],[75.230113572123912,16.616782654253512],[75.263607613458788,16.599923226420266],[75.264958418824094,16.577883509616143],[75.300125299100202,16.590660765422882],[75.317069650860802,16.565870866140649],[75.370563581213332,16.592211478605375],[75.388865998930171,16.576352883691495],[75.388718314317401,16.532269255533443],[75.434975215009004,16.528256604042173],[75.45524380745303,16.508768090976762],[75.462130286311336,16.471748535947679],[75.43267566745952,16.434050691593139],[75.44939494463911,16.414003634842089],[75.493203926812882,16.422346148375912],[75.500817311538185,16.453604046344793],[75.526260676238479,16.466034697574816],[75.552145901088309,16.456802646450388],[75.568114106025931,16.411592277227641],[75.600628553488022,16.447030782212487],[75.633844420288156,16.443924608683822],[75.717593415714077,16.393625962406233],[75.811259451986814,16.369814389462146],[75.954145867164456,16.2981567872353],[76.017671326973016,16.299581078502626],[76.06612012126439,16.261577469407101],[76.059000799114528,16.220158116878185],[76.072064473764414,16.208441057781847],[76.271965903678037,16.154408719044742],[76.330229392787544,16.196670278223095],[76.349964009518615,16.235628939781478],[76.518917484109338,16.300351514905607],[76.579169026761477,16.3425171800512],[76.650225636322389,16.359857740020814],[76.756608902093689,16.425049070833765],[76.833117555505396,16.425518324316254],[76.861068960098805,16.450594670729146],[76.872701290487214,16.491143553781658],[76.911898348933036,16.485300304450181],[76.974128346104592,16.510019701749464],[76.968091531565094,16.553313023862586],[76.990568056070757,16.562737974889924],[77.010901910028338,16.544333377392306],[77.011814639232952,16.503270125061263],[77.055790327688825,16.520068042215623],[77.154641297856344,16.473943184116202],[77.174784210772998,16.431824932583819],[77.418134757635926,16.366069610203809],[77.488912168294078,16.384830927810405],[77.570071681410298,16.340266968972088],[77.651298450555046,16.360713225464419],[77.76397006500909,16.313068425524225],[77.891322329257918,16.226650665260351],[77.932487771726315,16.17537902567376],[77.950692419232197,16.11547231587841],[78.058841011996762,16.027630269974942],[78.134462716264565,15.995328081565248],[78.148006984574522,15.960028201913076],[78.173265214497889,15.946310633253553],[78.220167709089765,15.945385046257735],[78.24851314935961,15.963924308326753],[78.256742885545961,16.026160944028028],[78.308628277248573,16.014359581119859],[78.329771690839209,16.040890509006804],[78.408357999782481,16.075375427015889],[78.550625624782896,16.043386266663354],[78.627322626493239,16.088123362891373],[78.683109258144739,16.03300552203752],[78.739373540748772,16.008987500340293],[78.791555062720533,16.024845794422127],[78.835978267465066,16.069691861359352],[78.838181919017259,16.147150491790459],[78.873437996407205,16.143762885866302],[78.889556560438336,16.084557453857062],[78.915830101259147,16.098105201036606],[78.924708449706358,16.134223098347029],[78.905966906463107,16.184806278410313],[78.98882543272768,16.212879290001684],[79.011595489508522,16.241306208290741],[79.099616565703045,16.223416468341675],[79.121178433379001,16.232414779752101],[79.159182764379779,16.208842624220384],[79.219907952141654,16.230087101129072],[79.234048378849735,16.332386834816806],[79.210390977245964,16.355660540139866],[79.206810341270256,16.383780770351692],[79.211601503848385,16.449195015292268],[79.233820723876093,16.459573941116616],[79.212729622862,16.495022801556072],[79.224550316978892,16.553151542689825],[79.267948753641562,16.576310305066194],[79.417588872527944,16.580110165375839],[79.448401024289325,16.62048315816029],[79.539659633223849,16.631097683256648],[79.604415075844912,16.672705138999021],[79.633405335147586,16.65751087226602],[79.663122867365573,16.689017806208877],[79.723928046685359,16.689725356493451],[79.74368356174601,16.719232555529754],[79.775913881150316,16.731187957124675],[79.817727545790717,16.691356500544273],[79.87158675190588,16.700796643519922],[79.906964906731531,16.634405204417732],[79.950492389146035,16.634135847845613],[80.003587627378792,16.706985521580251],[80.053869746842196,16.742884355332919],[80.070522936704833,16.813331820927615],[80.085861442542239,16.82152469213991],[80.117490433950209,16.820288128359202],[80.129042431749099,16.801901299619558],[80.14495562867998,16.730930365367101],[80.136909187777121,16.656752420480188],[80.17052335790568,16.6387960518061]]]}},
{"type":"Feature","properties":{"objectid":30552,"rivname":"Musi","rilcode":"1","origin":null,"major_trib":null,"bacode":"04","ba_name":"Krishna","sub_basin":"Krishna Lower","shape_Leng":296212.57016300003},"geometry":{"type":"LineString","coordinates":[[77.937766542784004,17.245316988457155],[77.95867214723485,17.248940810948518],[77.978049063020336,17.297816653373356],[77.91862156696601,17.33954207882125],[77.914793303381231,17.364960290363651],[78.110311129404693,17.446915133418543],[78.195234773688725,17.420923260250589],[78.219153986995721,17.395612960930759],[78.250593668714814,17.398399521219083],[78.306390340107839,17.374780565641434],[78.348531130358182,17.385092281472641],[78.433612213942041,17.374530678753299],[78.449315205442616,17.360141625100908],[78.503369194566943,17.385802873931841],[78.662738377027281,17.378361706507977],[78.68624344955424,17.405489975031017],[78.752562043614503,17.383877008860416],[78.830351318475948,17.41585392450321],[78.861867355205675,17.408699255096479],[78.897732586807692,17.369002074072981],[78.932103138308392,17.379419838411131],[78.99623637408159,17.346680166357938],[79.035299596121817,17.366747796720162],[79.160357898230885,17.340786880308936],[79.227855665835136,17.372960471850565],[79.244778629708378,17.356038171964506],[79.454418792075572,17.343534535137508],[79.479098852701895,17.326364777918947],[79.525965004292217,17.181725752395558],[79.592082263480918,17.084441669622727],[79.615569543330835,16.926451559878789],[79.667546501059164,16.845449061678345],[79.675805595549974,16.720648157258577],[79.663860782436643,16.701151388387352],[79.675483479020329,16.692044611162611]]}}
]
}
